Atom ID;Status;Confidence;Rule Internalization;Reasoning Steps;Quotes Found;Falsification Argument
tda_131ffcb70bbc4c29bef079047002bc91;FAIL;1.0;Sääntö kieltää yleisten lausuntojen hyväksymisen, erityisesti jos ne eivät osoita nollaluottamuksen arkkitehtuuria, jossa jokaista syötettä/tulostetta käsitellään potentiaalisesti vihamielisenä.;1) Sääntö edellyttää nollaluottamuksen arkkitehtuurin eksplisiittistä kuvausta, jossa jokainen syöte/tuloste käsitellään potentiaalisesti vihamielisenä. 2) Lähdetekstissä ei ole tällaista kuvausta. Maininnat kyberturvallisuudesta tai reilusta digimaailmasta ovat liian yleisiä. 3) Ehdon poissaolo täyttää säännön vaatimuksen.;;Väite voitaisiin kumota, jos lähdetekstissä olisi selkeä kuvaus nollaluottamuksen arkkitehtuurista, jossa jokainen syöte tai tuloste käsitellään potentiaalisesti vihamielisenä, eikä vain yleisiä viittauksia turvallisuuteen.
tda_1c195553935e4b8aaaee2a86feda9e4;FAIL;1.0;Sääntö kieltää subjektiivisen arvioinnin ja edellyttää, että turvallisuusrajoite kuvataan rakenteellisena, automaattisena mekanismina manuaalisen tarkistuksen sijaan.;1) Sääntö edellyttää, että turvallisuusrajoite kuvataan rakenteellisena, automaattisena mekanismina. 2) Lähdetekstissä ei ole kuvauksia turvallisuusrajoitteista, jotka olisivat rakenteellisia tai automaattisia mekanismeja. Maininnat sääntelypaineesta tai kyberturvallisuuteen panostamisesta ovat yleisiä toimia, eivät automaattisia mekanismeja. 3) Ehdon poissaolo täyttää säännön vaatimuksen.;;Väite voitaisiin kumota, jos lähdetekstissä olisi selkeä kuvaus turvallisuusrajoitteesta, joka toimii automaattisesti tai on sisäänrakennettu järjestelmään, eikä vaadi manuaalista tarkistusta.
tda_453ddf8b14a442e988836098e3c7b55c;FAIL;1.0;Sääntö kieltää riskin subjektiivisen arvioinnin, jos riski tunnistetaan, mutta sama kappale ei sisällä fyysistä toimintaverbiä sen lieventämiseksi. Lievennys on oltava samassa kappaleessa.;1) Sääntö edellyttää, että tunnistetun riskin lieventämiseen tähtäävä fyysinen toimintaverbi on samassa kappaleessa kuin riskin tunnistaminen. 2) Lähdetekstissä (src1) on useita kohtia, joissa riski tunnistetaan yhdessä taulukon solussa (kappaleessa), mutta lievennystoimenpide on vasta viereisessä solussa (eri kappaleessa). Esimerkiksi 'Kustannus- ja Toimitusketjuhäiriöt' tunnistetaan, mutta lievennys 'Sopeutuminen & Kiertotalous' on eri solussa. 3) Koska lievennystä ei ole samassa kappaleessa, ehdon poissaolo täyttää säännön vaatimuksen.;;Väite voitaisiin kumota, jos lähdetekstissä olisi kappale, jossa riski tunnistetaan ja välittömästi samassa kappaleessa esitetään fyysinen toimenpide sen lieventämiseksi.
tda_65cb33b82c54425aa86df7e84b66ffde;FAIL;1.0;Sääntö kieltää kehysten pinnalliset maininnat ja edellyttää, että kehys ja sen spesifinen lauseke linkitetään suoraan fyysiseen turvallisuustoimenpiteeseen.;1) Sääntö edellyttää, että tietty kehys ja sen lauseke linkitetään suoraan fyysiseen turvallisuustoimenpiteeseen. 2) Lähdetekstissä mainitaan 'CSRD-direktiivin ja EU-taksonomian kaltaiset säädökset', jotka ovat sääntelykehyksiä, mutta niitä ei linkitetä spesifisiin turvallisuustoimenpiteisiin tai -lausekkeisiin. Ne eivät myöskään ole varsinaisia tietoturvakehyksiä. 3) Ehdon poissaolo täyttää säännön vaatimuksen.;;Väite voitaisiin kumota, jos lähdetekstissä olisi maininta tietystä tietoturvakehyksestä (esim. ISO 27001) ja sen spesifistä lausekkeesta, joka linkitetään suoraan toteutettuun fyysiseen turvallisuustoimenpiteeseen.
tda_7577d7ee8a484c64ae3968aa4ec298dc;FAIL;1.0;Sääntö kieltää absoluuttisten hyväksyntälausekkeiden käytön, jos niitä ei edellä eksplisiittinen varmistusvaihe.;1) Sääntö edellyttää, että absoluuttista hyväksyntää ei esitetä ilman eksplisiittistä varmistusvaihetta. 2) Lähdetekstissä on lausuntoja kuten 'paluuta vanhaan normaaliin ei ole', jotka ovat näkemyksiä tai johtopäätöksiä, eivät järjestelmän syötteen tai tulosteen absoluuttista hyväksyntää ilman varmistusta. 3) Ehdon poissaolo täyttää säännön vaatimuksen.;;Väite voitaisiin kumota, jos lähdetekstissä olisi lauseke, joka hyväksyy jonkin asian absoluuttisesti ilman minkäänlaista mainintaa edeltävästä varmistusvaiheesta.
tda_793b7078035645f0a9df32e58b6de0b9;FAIL;1.0;Sääntö kieltää yleisten termien hyväksymisen ja edellyttää eksplisiittisiä viittauksia standardoituihin turvallisuusprotokolliin, joissa teksti osoittaa fyysisesti noudattamista nimettyyn standardiin.;1) Sääntö edellyttää, että teksti osoittaa fyysisesti noudattamista nimettyyn standarditurvallisuusprotokollaan. 2) Lähdetekstissä mainitaan 'kyberturvallisuuteen' ja 'tietosuojaan', jotka ovat yleisiä termejä, mutta ei nimettyjä standarditurvallisuusprotokollia (esim. TLS, AES) tai todisteita niiden noudattamisesta. 3) Ehdon poissaolo täyttää säännön vaatimuksen.;;Väite voitaisiin kumota, jos lähdetekstissä olisi maininta tietystä standarditurvallisuusprotokollasta (esim. 'käytämme TLS 1.3 -salausta') ja todiste sen noudattamisesta.
tda_82f0d074668043b3a0a64aa9f8506ff2;CONTESTED;0.6666666666666666;Sääntö kieltää teoreettisen resilienssin hyväksymisen ja edellyttää, että virheenkäsittely kuvataan fyysisesti virheellisen syötteen hylkäämisenä tai oletusarvoisesti turvalliseen tilaan siirtymisenä kaatumatta.;1) Sääntö edellyttää kuvausta virheenkäsittelystä, joka fyysisesti hylkää virheellisen syötteen tai siirtyy turvalliseen tilaan kaatumatta. 2) Lähdetekstissä ei ole minkäänlaista kuvausta järjestelmän virheenkäsittelystä, syötteen validoinnista tai turvalliseen tilaan siirtymisestä. 3) Ehdon poissaolo täyttää säännön vaatimuksen.;;Väite voitaisiin kumota, jos lähdetekstissä olisi selkeä kuvaus siitä, miten järjestelmä käsittelee virheellisiä syötteitä (esim. 'järjestelmä hylkää automaattisesti kaikki syötteet, jotka eivät vastaa odotettua formaattia') tai siirtyy turvalliseen tilaan vikatilanteessa.
tda_83c3a1f41fb94c8d802a60e00ad2550f;FAIL;1.0;Sääntö kieltää subjektiivisen arvioinnin ja edellyttää, että turvallisuustoimenpiteet kuvataan AINOASTAAN jälkikäteen reagoivina ilman ennaltaehkäiseviä tarkistuksia.;1) Sääntö edellyttää, että turvallisuustoimenpiteet kuvataan AINOASTAAN jälkikäteen reagoivina. 2) Lähdetekstissä (src1) mainitaan 'Panostuskyberturvallisuuteen' ja 'Ennaltaehkäisevät investoinnit kokonaisvaltaiseen hyvinvointiin', jotka ovat luonteeltaan ennakoivia toimenpiteitä. Myös src3:ssa mainitut 'Ekologinen jälleenrakennus' ja 'Korjaava ja uusintava talous' ovat ennakoivia strategioita. 3) Koska toimenpiteet eivät ole AINOASTAAN jälkikäteen reagoivia, ehdon poissaolo täyttää säännön vaatimuksen.;;Väite voitaisiin kumota, jos lähdetekstissä olisi kuvattu turvallisuustoimenpiteitä, jotka olisivat yksinomaan reaktiivisia (esim. 'korjaamme tietomurrot vasta niiden tapahduttua') ilman minkäänlaisia ennakoivia toimia.
tda_1c195553935e4b8aaa4ee2a86feda9e4;FAIL;1.0;Sääntö kieltää subjektiivisen arvioinnin. Se edellyttää proaktiivisia rakenteellisia merkkejä, joissa turvallisuusrajoite kuvataan rakenteellisena, automaattisena mekanismina manuaalisen tarkistuksen sijaan.;1) Sääntö vaatii kuvauksen automaattisesta, rakenteellisesta turvallisuusmekanismista. 2) Tekstissä mainitaan 'Panostuskyberturvallisuuteen' ja 'vahva panostus sääntöjen noudattamiseen, avoimuuteen ja tietosuojaan'. 3) Nämä ovat yleisiä investointeja tai periaatteita, eivätkä ne kuvaa konkreettisia automaattisia tai rakenteellisia turvallisuusmekanismeja.;Panostuskyberturvallisuuteen ja strategiseen riippumattomuuteen kriittisissä teknologioissa. | Euroopassa vahva panostus sääntöjen noudattamiseen, avoimuuteen ja tietosuojaan.;Väite täyttyy, koska tekstissä ei kuvata turvallisuusrajoitetta rakenteellisena, automaattisena mekanismina. Sen sijaan mainitaan yleisiä panostuksia ja periaatteita, jotka eivät täytä automaattisen mekanismin vaatimusta.
tda_c760c738451d4ca0af3bc507a2687e20;CONTESTED;0.6666666666666666;The rule requires finding explicit physical validation actions that describe a concrete data validation rule being applied. If such actions are not found, the condition is not met.;1) Sääntö edellyttää, että etsitään konkreettisia datan validointisääntöjä, joita sovelletaan syötteeseen tai tulosteeseen. 2) Käyttäjän reflektiotekstissä (src5) kuvataan toimia kuten 'muuttelin yksityiskohtia' ja 'korjasin taulukosta Eurooppaan liittyvän asian, koska näin alkupeäisen tarpeettomana'. 3) Nämä kuvaukset ovat subjektiivisia muokkaustoimia ('mielestäni', 'näin alkupeäisen tarpeettomana') eivätkä kuvaa konkreettisia, objektiivisia validointisääntöjä tai -toimia.;;Jos käyttäjän reflektiotekstissä olisi kuvattu konkreettisia, objektiivisia validointisääntöjä tai -toimia, ehto olisi täyttynyt.
tda_e0bf5617f4804a0d98a6b2d91dcd21ce;FAIL;1.0;The rule requires identifying an absolute fabrication (a demonstrably false or fabricated factual claim presented with certainty). If such a fabrication is found, the decision is False. If not, the decision is True.;1) Sääntö edellyttää absoluuttisen vääristelyn löytämistä, joka on todistettavasti väärä tai keksitty tosiasiaväite. 2) Käyttäjän väite 'yksi raportti oli annettu kahteen kertaan mutta tehtävän vaatimaa viimeistä raporttia ei ollut annettu' viittaa aiempaan chat-historiaan, jota ei ole kokonaisuudessaan saatavilla. 3) Tämän vuoksi väitettä ei voida todistaa vääristelyksi annetun lähdedatan perusteella.;;Vaikka väite saattaa olla virheellinen, sitä ei voida todistaa absoluuttiseksi vääristelyksi nykyisen lähdedatan perusteella, koska se viittaa käyttäjän aiempaan vuorovaikutukseen, josta ei ole täydellistä näyttöä.
tda_00245380f839424abfe3d923c1ae322f;DLQ;;;;;
tda_003f932abb9642fc8c3147b04fac95c5;DLQ;;;;;
tda_84b7784951c84e948c131c189261f564;DLQ;;;;;
tda_92680081ffb244d8abbdc99120a3291f;DLQ;;;;;
tda_a0cd26d7749c412d92aff072e34f512d;DLQ;;;;;
tda_c642cbc768fa4f54a8718452d779c607;DLQ;;;;;
tda_ca74247488fe49d49c70e96cf74a31a7;DLQ;;;;;
tda_cb7637a8eae04303ae9a3e8085b075b4;DLQ;;;;;
tda_f29c602444b446a3a6973aa9953a0b01;DLQ;;;;;
tda_2d12f15e1c2d4488b7c2ef32d0ccfa26;PASS;1.0;This rule checks for absolute certainty markers that are presented without empirical data or epistemic qualifiers.;1) Sääntö edellyttää absoluuttisten varmuusmerkintöjen tunnistamista ilman empiiristä tietoa tai epistemologisia pätevyyksiä. 2) Teksti sisältää subjektiivisia arvioita, jotka esitetään tosiasiallisina johtopäätöksinä raportin sisällöstä. 3) Nämä lausunnot puuttuvat empiirisestä tiedosta tai epistemologisista pätevyyksistä.;Lopputuloksessa muuttelin yksityiskohtia ja otin mielestäni asioita pois, jotka eivät kuuluneet loppuraporttiin ja muutin myös tulosta. Korjasin taulukosta Eurooppaan liittyvän asian, koska näin alkupeäisen tarpeettomana.;Jos lausunnot olisi esitetty selkeiden kriteerien tai käytetyn datan kera (esim. 'raportin laajuuden perusteella X oli epäolennainen'), ehto ei olisi täyttynyt.
tda_3a362e01de66444c813e5b79adec27bf;PASS;1.0;This rule checks for conclusions presented without a multi-step logical deduction.;1) Sääntö edellyttää sellaisten johtopäätösten tunnistamista, jotka esitetään ilman monivaiheista loogista päättelyä. 2) Teksti sisältää henkilökohtaisen oivalluksen tai arvion ilman yksityiskohtaista loogista perustelua. 3) Tämä lausunto esitetään johtopäätöksenä ilman eksplisiittistä vaiheittaista päättelyä.;Pyysin supermegatrendejä - tämä oli iso oivallus.;Jos teksti olisi tarjonnut selkeän, vaiheittaisen loogisen perustelun sille, miksi 'supermegatrendejä - tämä oli iso oivallus', ehto ei olisi täyttynyt.
tda_5257ba1edae34afe8b837c8c238cf743;FAIL;1.0;This rule checks for the presence of structural breakdown markers, specifically if a complex problem is separated into at least three distinct, testable sub-components.;1) Sääntö edellyttää tunnistamaan, onko monimutkainen ongelma jaettu vähintään kolmeen erilliseen, testattavaan osakomponenttiin. 2) Tuoteteksti luettelee eksplisiittisesti kolme 'Supermegatrendiä' ja kolme kohtaa 'Sitran Strateginen Suunta' -osiossa. 3) Tämä jakaa monimutkaiset käsitteet fyysisesti kolmeen erilliseen osakomponenttiin.;Talousjärjestelmän vakauteen vaikuttavat kolme pääasiallista, toisiaan vahvistavaa supermegatrendiä:  1. Ekologinen Resilienssikriisi  Tämä syntyy siitä, että Luonnon kantokyky murenee, mikä ajaa suoraan siihen, että Talouden perusta rakoilee . Tämä on evoluutio 2017 trendistä Ymmärrys maapallon kantokyvystä kasvaa .  |Kaupalliset Vaikutukset|Strategiset Toimenpiteet| |---|---| |Kustannus- ja Toimitusketjuhäiriöt: <br>Äärimmäiset sääolot ja luonnonvarojen<br>niukkuus nostavat raaka-aineiden hintoja ja<br>aiheutavat ennakoimatomia katkoja|Sopeutuminen & Kiertotalous: <br>Investoinnitkiertotalouden ratkaisuihin ja<br>omaan uusiutuvaan<br>energiantuotantoon. Toimitusketjun|  |globaaleihin toimitusketjuihin.|lyhentäminen ja läpinäkyvyys vähentävät<br>riskejä.| |---|---| |Sääntelypaine: CSRD-direktiivin ja<br>EU-taksonomian kaltaiset säädökset<br>tekevät kestävyydestä pakollista<br>(compliance) ja rajoitavat ei-kestävää<br>rahoitusta.|Kestävä Liiketoiminta: Decarbonization<br>Roadmap pakollinen kilpailuvalti. Vain<br>kestävät liiketoimintamallit saavat<br>tulevaisuudessa pääomaa.|  Geoteknologinen Valtaistelu  Tämä supermegatrendi kuvaa Demokratian kamppailun koventumista kytkeytyneenä suoraan Kilpailuun digivallasta kiihtyy . Se on siirtymä vuoden 2017 Datan vallan potentiaalista geopoliittiseen konfliktiin.  |Kaupalliset Vaikutukset|Strategiset Toimenpiteet| |---|---| |Markkinoiden Fragmentaatio: <br>Teknologiasodat (esim. Yhdysvallat vs.<br>Kiina) ja data-autonomian vaatimukset<br>(esim. EU:n tietosuojasäädökset) jakavat<br>markkinoita ja vaikeuttavat globaalia<br>skaalausta.|Teknologia-autonomia ja Turvallisuus: <br>Panostuskyberturvallisuuteen ja<br>strategiseen riippumattomuuteen<br>kriitisissä teknologioissa. Euroopassa<br>vahva panostus sääntöjen noudatamiseen,<br>avoimuuteen ja tietosuojaan.| |Luotamuskriisi: Informaatiovaikutaminen<br>ja luotamuksen rapautuminen vaikutavat<br>brändin arvoon. Eetisesti kyseenalaiset<br>AI-ratkaisut aiheuttavat maineriskin.|Reilu Digimaailma: Kehitetään ja<br>käytetään teknologiaaeetisesti ja<br>läpinäkyvästi. Reilun datatalouden<br>periaateet tarjoavat uuden kilpailuedun.|  Epävarmuuden Sosiaalinen Polarisointi  Tämä supermegatrendi kuvaa, miten kriisit ja Talouden perustan rakoilu ruokkivat Hyvinvoinnin haasteita ja sosiaalista polarisaatiota, mikä vaikuttaa suoraan työvoiman saatavuuteen.  |Kaupalliset Vaikutukset|Strategiset Toimenpiteet| |---|---| |Työvoimapula ja Tuotavuus: <br>Hyvinvoinnin haasteet (erityisesti<br>mielenterveysongelmien kasvu nuorilla) ja<br>globaali epävarmuus vähentävät työvoiman<br>saatavuuta ja heikentävät työntekijöiden|Työntekijäpääoman Vahvistaminen: <br>Ennaltaehkäisevät investoinnit<br>kokonaisvaltaiseen hyvinvointiin ja<br>mielenterveyteen ovat kriitisiä|  |tuotat vuutat .|rekrytoinnissa ja pitovoimassa.| |---|---| |Kysynnän Volatiliteeti: Kulutajien<br>ostovoiman heikkeneminen ja luotamuksen<br>puute kasvatavat kysynnän epävarmuuta<br>ja vaativat joustavampia<br>liiketoimintamalleja.|Arvojen Vahvistaminen: Selkeä<br>Yritysvastuu (Purpose) erotaa<br>polarisoituneessa markkinassa. Keskitytään<br>resilienssiin jajoustavaan hinnoiteluun <br>epävarman kysynnän hallitsemiseksi.|;Jos teksti ei olisi jakanut ongelmaa tai strategista suuntaa vähintään kolmeen erilliseen, numeroituun komponenttiin, ehto ei olisi täyttynyt.
tda_5568f81c93bc4d1fb524fbfc1d9f0e04;PASS;1.0;This rule checks for explicit dismissal of alternative perspectives or dogmatic assertion of exclusive truth.;1) Sääntö edellyttää vaihtoehtoisten näkökulmien eksplisiittisen hylkäämisen tai yksinomaisen totuuden dogmaattisen väittämisen tunnistamista. 2) Teksti toteaa, että 'Korjaavaan ja uusintavaan talouteen siirtyminen on ainoa tapa taata pitkän aikavälin vakaus.' 3) Tämä lause väittää dogmaattisesti, että on vain yksi tapa, hyläten muut mahdolliset ratkaisut.;Korjaavaan ja uusintavaan talouteen siirtyminen on ainoa tapa taata pitkän aikavälin vakaus.;Jos lausunnossa olisi käytetty rajoittavaa kieltä (esim. 'yksi tärkeimmistä tavoista') tai tunnustettu muita mahdollisuuksia, ehto ei olisi täyttynyt.
tda_64cce5cf564a497dbbc2341248cea637;PASS;1.0;This rule checks if a logical deduction is strictly tied to a specific named methodology, framework, or external dataset.;1) Sääntö edellyttää loogisten päätelmien tunnistamista, jotka on sidottu tiukasti ulkoisiin lähteisiin. 2) Tuoteteksti viittaa eksplisiittisesti 'Sitran Megatrendiraportit 2017, 2020, 2023' -raportteihin ja perustaa analyysinsä 'Sitran megatrendien kehitykseen'. 3) Päätelmät megatrendien kehityksestä ja supermegatrendeistä esitetään johdettuina näistä tietyistä raporteista.;Viite: Sitran Megatrendiraportit 2017, 2020, 2023;Jos teksti olisi esittänyt väitteitä tai päätelmiä linkittämättä niitä eksplisiittisesti nimettyihin Sitran raportteihin tai muihin ulkoisiin viitekehyksiin, ehto ei olisi täyttynyt.
tda_049eb80a94164c519d5a322d55499707;FAIL;;Sääntö edellyttää kitkamarkkerien löytymistä, jotka on kirjoitettu fyysisesti ENNEN toimintoa tai generointia, johon ne viittaavat. Jos kitkamarkkeri löytyy vain retrospektiivisestä analyysistä, ehto ei täyty.;1) Sääntö vaatii kitkamarkkerin, joka on kirjoitettu ennen siihen liittyvää toimintoa. 2) Reflektioteksti sisältää retrospektiivisiä havaintoja kitkasta ('Ennakoin, että alkuun en saa hyvää tulosta.', 'Tekoälyn alkuperäinen vastaus oli liian laaja, joten sitä oli pakko supistaa'). 3) Nämä havainnot eivät ole fyysisesti kirjoitettuina ENNEN niihin liittyviä käyttäjän ohjeita tai tekoälyn generointia.;;Vaikka käyttäjä kuvaa kitkaa reflektiotekstissä, nämä kuvaukset ovat retrospektiivisiä eivätkä täytä säännön vaatimusta kitkamarkkerin sijainnista ennen kyseistä toimintoa.
tda_0b7512034e6f40db9b4ea46b64af4e0d;PASS;;Sääntö edellyttää direktiiviverbin löytymistä lauseesta, joka sisältää myös mitattavan kynnyksen, tietyn viitekehyksen nimen tai kvantifioitavan mittarin.;1) Sääntö vaatii direktiiviverbin ja siihen liittyvän mittarin tai viitekehyksen samassa lauseessa. 2) Käyttäjän syötteessä 'koosta näistä vastauksista 1 sivun raportti' sisältää direktiiviverbin 'koosta' ja mittarin '1 sivun'. 3) Muissa lainauksissa on myös direktiiviverbejä ja spesifisiä rajoitteita (esim. 'Supermegatrendit ovat pääosassa', 'kaupallisen liiketoiminnan johtoryhmälle').;koosta näistä vastauksista 1 sivun raportti | tee kokonaisuudesta raportti, missä Supermegatrendit ovat pääosassa | kirjoita tämä kaupallisen liiketoiminnan johtoryhmälle ja kirjoita siihen hiukan kaupallisia vaikutuksia mukaan;Ei ole falsifioivaa argumenttia, sillä useat käyttäjän ohjeet sisältävät selkeästi direktiiviverbejä ja niihin liittyviä spesifisiä rajoitteita tai mittareita samassa lauseessa.
tda_1361cf5ec5b5420c905cd2a1f80893a7;PASS;;Sääntö edellyttää eksplisiittisen retrospektiivisen aikomuksen väitteen löytymistä, JOS JA VAIN JOS edeltävä teksti EI fyysisesti sisällä väitettyjä parametreja.;1) Sääntö vaatii retrospektiivisen aikomuksen väitteen, jonka parametreja ei ole edeltävässä tekstissä. 2) Käyttäjä väittää reflektiotekstissä korjanneensa 'Eurooppaan liittyvän asian', koska se oli 'tarpeeton'. 3) Edeltävässä käyttäjän syötteessä ei ole ohjetta, joka olisi kieltänyt tai rajoittanut Eurooppaan liittyvän sisällön sisällyttämistä 'tarpeettomana'.;Korjasin taulukosta Eurooppaan liittyvän asian, koska näin alkupeäisen tarpeettomana.;Ei ole falsifioivaa argumenttia, sillä käyttäjän edeltävissä ohjeissa ei ollut mainintaa Eurooppaan liittyvän sisällön poistamisesta tai sen tarpeettomuudesta, mikä tekee reflektion väitteestä retrospektiivisen aikomuksen ilman aiempaa parametria.
tda_1473cecaeb4c495c9bd0d28710e602b4;FAIL;;Sääntö edellyttää eksplisiittistä käyttäjän ohjetta, jossa on vähintään kaksi spesifistä rajoitetta, JA käyttäjän TÄYTYY eksplisiittisesti vahvistaa NÄMÄ TARKAT rajoitteet myöhemmässä vastauksessa.;1) Sääntö vaatii käyttäjän ohjeen, jossa on vähintään kaksi rajoitetta, ja näiden rajoitteiden eksplisiittisen vahvistuksen. 2) Käyttäjä antaa ohjeita, joissa on useita rajoitteita (esim. '1 sivun raportti', 'poista taulukot ja kerro ne tekstinä'). 3) Käyttäjä ei kuitenkaan eksplisiittisesti vahvista näitä rajoitteita myöhemmissä syötteissään tai reflektiotekstissä, vaan kuvaa muokkausprosessia.;;Vaikka käyttäjä antaa ohjeita useilla rajoitteilla, hän ei myöhemmin eksplisiittisesti vahvista, että nämä rajoitteet on täytetty. Reflektioteksti kuvaa muokkausta, ei vahvistusta.
tda_680dc2c703b3425fa0b0d943dbd5af16;PASS;;Sääntö edellyttää rakenteellisen suunnitelman löytymistä. SAMAN kappaleen TÄYTYY sisältää myös rajoitesanastoa.;1) Sääntö vaatii rakenteellisen suunnitelman ja rajoitesanaston samassa kappaleessa. 2) Käyttäjän syötteessä 'koosta näistä vastauksista 1 sivun raportti' 'raportti' on suunnitelma ja '1 sivun' on rajoite samassa lauseessa. 3) Muissa lainauksissa on myös rakenteellisia suunnitelmia ('raportti', 'kirjoita tämä') ja rajoitteita ('Supermegatrendit ovat pääosassa', 'kaupallisen liiketoiminnan johtoryhmälle', 'hiukan kaupallisia vaikutuksia mukaan') samassa lauseessa.;koosta näistä vastauksista 1 sivun raportti | tee kokonaisuudesta raportti, missä Supermegatrendit ovat pääosassa | kirjoita tämä kaupallisen liiketoiminnan johtoryhmälle ja kirjoita siihen hiukan kaupallisia vaikutuksia mukaan;Ei ole falsifioivaa argumenttia, sillä käyttäjän ohjeet sisältävät selkeästi rakenteellisia suunnitelmia ja niihin liittyviä rajoitteita samassa lauseessa.
tda_832ed2ffa597406e8606d2bbfda57e84;FAIL;;Sääntö edellyttää muodollisen viittauksen, akateemisen viitekehyksen tai tunnustetun metodologian löytymistä, ja kausaalisen päättelyn on oltava eksplisiittisesti perusteltu soveltamalla tämän nimetyn ulkoisen viitekehyksen sääntöjä.;1) Sääntö vaatii muodollisen viittauksen tai viitekehyksen, jonka sääntöjä sovelletaan kausaalisen päättelyn perusteluun. 2) Käyttäjän reflektioteksti kuvaa prosessia ja havaintoja. 3) Tekstissä ei ole mainintaa mistään muodollisesta viittauksesta, akateemisesta viitekehyksestä tai tunnustetusta metodologiasta, jota olisi sovellettu kausaalisen päättelyn perusteluun.;;Ei ole falsifioivaa argumenttia, sillä tekstissä ei ole fyysistä todistetta minkään viitekehyksen tai metodologian soveltamisesta kausaalisen päättelyn perusteluun.
tda_86ccd40936bb4dfc9a6d1f532568c05c;FAIL;;Sääntö edellyttää monivaiheisen sekvenssimarkkerin löytymistä, jossa teksti linkittää eksplisiittisesti vähintään kolme erillistä peräkkäistä toimintoa, joista jokainen riippuu täysin edellisestä.;1) Sääntö vaatii vähintään kolmen erillisen, peräkkäisen ja toisistaan täysin riippuvaisen toiminnon eksplisiittisen linkityksen. 2) Käyttäjän reflektioteksti kuvaa prosessin vaiheita ('Aloitin kyselemään...', 'Annoin rajoituksia...', 'Ennakoin...'). 3) Nämä vaiheet eivät kuitenkaan ole eksplisiittisesti linkitetty toisistaan täysin riippuvaisiksi kausaalisiksi ketjuiksi, vaan pikemminkin kuvaus alkuasetelmasta ja yleisestä prosessista.;;Vaikka käyttäjä kuvaa toimintojen sarjaa, hän ei eksplisiittisesti linkitä niitä siten, että jokainen riippuisi täysin edellisestä tiukassa kausaalisessa mielessä, kuten sääntö edellyttää.
tda_c512ea7305614bfabf468fe838420dda;FAIL;;Sääntö edellyttää, että lopputuloksen arviointi listaa tukevia todisteita, mutta jättää TÄYSIN mainitsematta mahdolliset reunatapaukset, epäonnistumiset tai rajoitukset samassa osiossa.;1) Sääntö vaatii lopputuloksen arvioinnin, joka jättää täysin mainitsematta rajoitukset. 2) Käyttäjän reflektiotekstissä on arviointi: 'Lopputuloksessa muuttelin yksityiskohtia ja otin mielestäni asioita pois, jotka eivät kuuluneet loppuraporttiin ja muutin myös tulosta. Korjasin taulukosta Eurooppaan liittyvän asian, koska näin alkupeäisen tarpeettomana.' 3) Tämä arviointi mainitsee eksplisiittisesti 'muuttelin yksityiskohtia' ja 'otin mielestäni asioita pois', mikä osoittaa rajoituksia tai korjattavia kohtia.;;Ei ole falsifioivaa argumenttia, sillä käyttäjä mainitsee eksplisiittisesti rajoituksia ja korjauksia, mikä estää säännön täyttymisen (sääntö edellyttää niiden TÄYDELLISTÄ puuttumista).
tda_d262dd4421bd4af68191eb1f4d0faf26;PASS;;Säännön mukaan on tunnistettava AI:n esittämä uusi käsite, metodologia tai datapiste, jota käyttäjä ei ole eksplisiittisesti pyytänyt. Jos käyttäjä on pyytänyt sitä, se ei ole uusi AI:n esittämä käsite.;1) Sääntö vaatii tunnistamaan AI:n esittämän uuden käsitteen, jota käyttäjä ei ole eksplisiittisesti pyytänyt. 2) Käyttäjä pyysi AI:ta yhdistelemään megatrendejä supermegatrendeiksi ('Megatrendien Kooste, voiko tässä olevia asioita yhdistellä ja tuottaa supermegatrendejä'). 3) AI esitteli ja nimesi kolme spesifistä supermegatrendiä ('Ekologinen Resilienssikriisi', 'Geoteknologinen Valtaistelu', 'Epävarmuuden Sosiaalinen Polarisointi') ja niiden koostumukset, joita käyttäjä ei ollut nimennyt tai määritellyt. Nämä spesifiset nimet ja niiden yhdistelmät ovat AI:n esittämiä uusia käsitteitä.;1. Ekologinen Resilienssikriisi (Luonto + Talous + Ihmiset) 🚨 | 2. Geoteknologinen Valtaistelu (Valta + Teknologia) ⚔️ | 3. Epävarmuuden Sosiaalinen Polarisointi (Ihmiset + Valta + Talous) 🌪️;Vaikka käyttäjä pyysi 'supermegatrendejä', hän ei nimennyt tai määritellyt näitä kolmea spesifistä supermegatrendiä tai niiden koostumuksia. Siksi AI:n esittämät nimet ja niiden yksityiskohtaiset kuvaukset ovat uusia käsitteitä, jotka AI on itse esitellyt.
tda_e407bc0297324a5da95c9091d08b88bc;FAIL;;Säännön mukaan on löydettävä ilmoitettu tavoite, joka sisältää mitattavan päämäärän, ja tekstin on lainattava tarkka mitattava päämäärä ja vahvistettava se fyysisellä mittauksella tai lukumäärällä.;1) Sääntö vaatii löytämään mitattavan tavoitteen, joka on vahvistettu fyysisellä mittauksella tai lukumäärällä. 2) Tarkistin lähdetekstin (src1) tavoitteiden varalta. 3) Tekstissä on useita tavoitteita (esim. 'panostettava tulevaisuusresilienssiin', 'taata pitkän aikavälin vakaus', 'reilun digimaailman luomiseen', 'turvataan tulevaisuuden työvoima ja markkinat'), mutta yksikään niistä ei sisällä eksplisiittistä mitattavaa päämäärää, jota olisi vahvistettu fyysisellä mittauksella tai lukumäärällä. Kaikki tavoitteet ovat luonteeltaan kvalitatiivisia.;;Tekstissä esitetyt tavoitteet ovat yleisiä ja kvalitatiivisia, eivätkä ne sisällä konkreettisia, numeerisesti mitattavia päämääriä tai niiden vahvistuksia. Esimerkiksi 'tulevaisuusresilienssi' tai 'pitkän aikavälin vakaus' eivät ole mitattavissa fyysisillä mittauksilla tai lukumäärillä tekstin kontekstissa.
tda_0af46ca3de69431e8a3eea89df104507;DLQ;;;;;
tda_236ebf69629e41a58b0f13eb82b44875;DLQ;;;;;
tda_3b951170f9f54f649b7da95fb9f121e6;DLQ;;;;;
tda_43516f120e4a415bb0ee3a878a53a5bc;DLQ;;;;;
tda_52ffb15768ba4a62ac3a8be5824a8aa6;DLQ;;;;;
tda_873a1fab603544048f95e612773f0574;DLQ;;;;;
tda_a42e3168877240ad90ccd2abb37c4597;DLQ;;;;;
tda_c7e3a26277674d2aa8ab38d1ee7afb05;DLQ;;;;;
tda_14ce2d7744ed49868250c6aaeaccdf97;FAIL;;The rule requires identifying if a specific causal mechanism is explicitly anchored to an established theoretical law. If such anchoring is present, extract the quote.;1) Sääntö edellyttää, että kausaalinen mekanismi on ankkuroitu vakiintuneeseen teoreettiseen lakiin. 2) Tarkistin lähdetekstit (producttext ja chatlogaionly) tällaisten ankkurointien varalta. 3) Teksti ei sisällä eksplisiittisiä viittauksia vakiintuneisiin teoreettisiin lakeihin kausaalisten mekanismien selittämiseksi.;;Tekstissä ei ole mainintaa teoreettisista laeista, jotka selittäisivät kausaalisia mekanismeja. Väitteet ovat luonteeltaan yleisiä havaintoja ja seurauksia, eivät tieteellisiä selityksiä.
tda_3eed2113bd9842f3b8fd050046505e4d;FAIL;;The rule requires identifying causal claims that rely on metaphysical or subjective vocabulary. If such vocabulary is found, extract the quote.;1) Sääntö edellyttää kausaalisten väitteiden etsimistä, jotka perustuvat metafyysiseen tai subjektiiviseen sanastoon. 2) Tarkistin lähdetekstit (producttext ja chatlogaionly) tällaisten ilmausten varalta. 3) Teksti ei sisällä kausaalisia väitteitä, jotka perustuisivat metafyysiseen tai subjektiiviseen sanastoon.;;Teksti on analyyttinen ja objektiivinen, eikä se käytä metafyysistä tai subjektiivista kieltä kausaalisten suhteiden kuvaamiseen. Kaikki väitteet ovat perusteltavissa havaittavilla ilmiöillä.
tda_51a1544a321e4a18b3f4ea09b5bbe02e;FAIL;;The rule requires extracting a quote if the text claims A caused B SOLELY because A happened before B (chronological sequence).;1) Sääntö edellyttää, että teksti väittää A:n aiheuttaneen B:n *ainoastaan* siksi, että A tapahtui ennen B:tä. 2) Tarkistin lähdetekstit (producttext ja chatlogaionly) kausaalisten väitteiden varalta, jotka perustuisivat pelkkään kronologiseen järjestykseen. 3) Vaikka teksti kuvaa kehitystä vuosien 2017 ja 2023 välillä, se ei väitä kausaalisuutta *ainoastaan* kronologian perusteella, vaan viittaa syvempiin muutoksiin ja kytköksiin.;;Teksti kuvaa megatrendien evoluutiota ajallisesti, mutta kausaaliset väitteet perustuvat trendien sisällölliseen muutokseen ja niiden välisiin kytköksiin, ei pelkkään tapahtumien järjestykseen. Esimerkiksi 'Evoluutio Konfliktiin' kuvaa muutosta, ei pelkkää kronologista seurausta.
tda_6e53ee50b3524c70ba8b087abe8a0b05;FAIL;;The rule requires identifying counterfactual markers. If counterfactual statements are found, extract the quote.;1) Sääntö edellyttää kontrafaktuaalisten merkitsijöiden etsimistä. 2) Tarkistin lähdetekstit (producttext ja chatlogaionly) lauseiden varalta, jotka ilmaisisivat, mitä olisi tapahtunut, jos jokin asia olisi ollut toisin. 3) Teksti ei sisällä eksplisiittisiä kontrafaktuaalisia väitteitä.;;Teksti keskittyy nykyisten trendien ja tulevaisuuden suuntien kuvailuun ja strategioihin, eikä se spekuloi menneiden tapahtumien vaihtoehtoisilla lopputuloksilla. Lause 'paluuta vanhaan normaaliin ei ole' on tulevaisuuteen suuntautuva väite, ei kontrafaktuaali.
tda_728cd0dff7384300bc55622fa7dfffc0;PASS;;The rule requires finding a claim connecting two variables where the text explicitly states the direction of influence.;1) Sääntö edellyttää väitteen löytämistä, joka yhdistää kaksi muuttujaa ja jossa vaikutuksen suunta on eksplisiittisesti mainittu. 2) Etsin 'producttext'-osiosta tällaisia väitteitä. 3) Lause 'Luonnon kantokyky murenee, mikä ajaa suoraan siihen, että Talouden perusta rakoilee' osoittaa selkeästi vaikutuksen suunnan (luonnon kantokyvyn mureneminen -> talouden perustan rakoilu).;Luonnon kantokyky murenee, mikä ajaa suoraan siihen, että Talouden perusta rakoilee .;Ei falsifioitavissa, koska lainaus osoittaa selkeästi vaikutuksen suunnan kahden muuttujan välillä.
tda_7e0d493a62234375b180d942cb6e0bcd;FAIL;;The rule requires identifying conditional or action-oriented intervention markers. If such markers are found, extract the quote.;1) Sääntö edellyttää ehdollisten tai toimintasuuntautuneiden intervention merkitsijöiden etsimistä. 2) Etsin 'producttext'-osiosta strategisia toimenpiteitä kuvaavia lauseita. 3) Lause 'Investoinnitkiertotalouden ratkaisuihin ja omaan uusiutuvaan energiantuotantoon. Toimitusketjun lyhentäminen ja läpinäkyvyys vähentävät riskejä.' kuvaa selkeästi toimintaa (investoinnit, lyhentäminen, läpinäkyvyys) ja sen tavoiteltua vaikutusta (vähentävät riskejä), mikä on intervention merkitsijä.;Investoinnitkiertotalouden ratkaisuihin ja omaan uusiutuvaan energiantuotantoon. Toimitusketjun lyhentäminen ja läpinäkyvyys vähentävät riskejä.;Ei falsifioitavissa, koska lainaus kuvaa suoraan strategisia toimenpiteitä, jotka ovat intervention merkitsijöitä.
tda_8ecd3f17b3984e4fa1bb6a8cb5576b65;FAIL;;The rule requires extracting a quote if a highly complex outcome is attributed to a SINGLE cause.;1) Sääntö edellyttää, että monimutkainen lopputulos johtuu *yhdestä* syystä. 2) Tarkistin lähdetekstit (producttext ja chatlogaionly) kausaalisten väitteiden varalta. 3) Teksti korostaa megatrendien kietoutumista toisiinsa ja useiden tekijöiden yhteisvaikutusta, eikä se attribuoi monimutkaisia lopputuloksia yksittäisiin syihin.;;Teksti nimenomaisesti toteaa: 'Nämä yksittäiset megatrendit eivät toimi erillään, vaan kietoutuvat toisiinsa kolmeksi keskeiseksi Supermegatrendiksi'. Tämä osoittaa, että monimutkaiset lopputulokset nähdään useiden tekijöiden yhteisvaikutuksena, ei yksittäisenä syynä.
tda_b110906545324d1f80bf3ec3b81b2b05;FAIL;;The rule requires identifying boundary or limitation markers in causal claims. If such markers are found, extract the quote.;1) Sääntö edellyttää kausaalisten väitteiden etsimistä, jotka sisältävät rajauksia tai rajoituksia. 2) Tarkistin lähdetekstit (producttext ja chatlogaionly) tällaisten ilmausten varalta. 3) Teksti esittää kausaaliset suhteet yleensä suorina seurauksina tai edellytyksinä, eikä se sisällä eksplisiittisiä rajauksia tai rajoituksia kausaalisille väitteille.;;Teksti kuvaa megatrendien vaikutuksia ja strategisia suuntia ilman selkeitä ehtoja tai rajoituksia, jotka muuttaisivat kausaalisten suhteiden luonnetta. Esimerkiksi 'Korjaavaan ja uusintavaan talouteen siirtyminen on ainoa tapa taata pitkän aikavälin vakaus' on absoluuttinen väite ilman rajauksia.
tda_c607024dbf524f7a9d68af443901c40e;PASS;;Minun on löydettävä eksplisiittinen kausaalinen väite, joka osoittaa syy-seuraussuhteen, ja sen on oltava peräisin tekoälyn tuottamasta tekstistä, ei käyttäjän syötteestä.;1) Sääntö edellyttää eksplisiittisen kausaalisen väitteen löytämistä. 2) Teksti sisältää lauseen, joka yhdistää luonnon kantokyvyn murenemisen suoraan talouden perustan rakoiluun. 3) Tämä lause täyttää kausaalisen väitteen kriteerit.;Luonnon kantokyky murenee, mikä ajaa suoraan siihen, että Talouden perusta rakoilee .;Väite voitaisiin falsifioida, jos teksti kuvailisi vain korrelaatiota ilman suoraa syy-seuraus-yhteyttä tai jos se olisi peräisin käyttäjän syötteestä.
tda_fda64d221181411fa70843a88689b27b;PASS;;Minun on löydettävä teksti, joka nimeää eksplisiittisesti potentiaalisen kolmannen muuttujan tai vaihtoehtoisen selityksen lopputulokselle, välttäen yleistä retorista liioittelua.;1) Sääntö edellyttää vaihtoehtoisen selityksen tai kolmannen muuttujan nimeämistä. 2) Teksti esittää, että Työn murroksen seurauksena on ollut 'kohtaanto-ongelmia ja osaamistarpeiden kehitystä' 'kuin ennustettua massiivista työpaikkojen katoa'. 3) Tämä täyttää kriteerit esittämällä vaihtoehtoisen lopputuloksen ennustetulle.;Vaikka Työn murros tunnistettiin, seuraus on ollut ennemmin kohtaanto-ongelmia ja osaamistarpeiden kehitystä kuin ennustettua massiivista työpaikkojen katoa.;Väite voitaisiin falsifioida, jos teksti ei eksplisiittisesti nimeäisi vaihtoehtoista lopputulosta tai selitystä, vaan ainoastaan kuvailisi yhtä lopputulosta.
tda_09a80d0f657a4a449417bdbc82059578;PASS;;Minun on löydettävä eksplisiittisiä lausuntoja, jotka määrittelevät käsitteen tai prosessin rajat, laajuuden tai rajat.;1) Sääntö edellyttää rajojen määrittelyä. 2) Teksti sisältää lauseen, joka määrittelee luonnon kantokyvyn rajat. 3) Tämä lause täyttää ehdon.;Luonnon kantokyvyn rajat eivät ole vain rajoite, vaan uuden taloudellisen kasvun perusta .;Lause kuvaa rajojen merkitystä, mutta ei välttämättä aseta tiukkaa, ehdotonta rajaa, vaan pikemminkin uudelleenmäärittää sen roolin.
tda_0ab09c0daa9f4aeaad264c00944c5332;PASS;;Minun on löydettävä eksplisiittisiä lausuntoja, jotka osoittavat eri elementtien yhdistämistä tai sulautumista.;1) Sääntö edellyttää integraatiomerkkien löytämistä. 2) Teksti sisältää lauseen, joka kuvaa megatrendien kietoutumista toisiinsa. 3) Tämä lause täyttää ehdon.;Nämä yksittäiset megatrendit eivät toimi erillään, vaan kietoutuvat toisiinsa kolmeksi keskeiseksi Supermegatrendiksi, jotka sanelevat tulevaisuuden markkinaolosuhteet.;Lause kuvaa trendien luonnollista kietoutumista, ei välttämättä aktiivista integraatiotoimenpidettä, vaikka se onkin seurausta yhdistymisestä.
tda_5b0573225735409b8ef3d3eac041236d;PASS;;Minun on löydettävä lausuntoja, jotka esittävät jotain absoluuttisena, kyseenalaistamattomana totuutena ilman varauksia tai ulkoista tukea.;1) Sääntö edellyttää dogmaattisten absoluuttisten merkkien löytämistä. 2) Teksti sisältää lauseen, joka esittää yhden tavan 'ainoa tapa' taata vakaus. 3) Tämä lause täyttää ehdon.;Korjaavaan ja uusintavaan talouteen siirtyminen on ainoa tapa taata pitkän aikavälin vakaus.;Vaikka lause käyttää 'ainoa tapa' -ilmaisua, se on Sitran näkemys ja strateginen suositus, ei välttämättä universaali, todistamaton totuus.
tda_643f6ce553754f8290d392356afdefba;PASS;;Minun on löydettävä eksplisiittisiä lausuntoja, jotka kuvaavat konfliktien ratkaisua tai hallintaa.;1) Sääntö edellyttää konfliktinratkaisumerkkien löytämistä. 2) Teksti sisältää lauseen, joka kuvaa 'sosiaalisten haasteiden ratkaisemista'. 3) Tämä lause täyttää ehdon.;Ylisukupolvisuuden Edistäminen: Panostamalla kokonaisvaltaiseen hyvinvointiin ja ratkaisemalla sosiaalisia haasteita turvataan tulevaisuuden työvoima ja markkinat.;Vaikka 'sosiaalisten haasteiden ratkaiseminen' viittaa ongelmien käsittelyyn, se ei välttämättä tarkoita suoraa konfliktinratkaisua perinteisessä mielessä.
tda_7d0ef5f0be004974801b53d2af317bbe;PASS;;Minun on löydettävä eksplisiittisiä lausuntoja, jotka hylkäävät tai torjuvat jotain.;1) Sääntö edellyttää eksplisiittisten hylkäämismarkkereiden löytämistä. 2) Teksti sisältää lauseen 'eivät toimi erillään', joka hylkää ajatuksen megatrendien erillisestä toiminnasta. 3) Tämä lause täyttää ehdon.;Nämä yksittäiset megatrendit eivät toimi erillään, vaan kietoutuvat toisiinsa kolmeksi keskeiseksi Supermegatrendiksi, jotka sanelevat tulevaisuuden markkinaolosuhteet.;Lause hylkää vain yhden toimintatavan (erillään toimimisen), mutta ei kokonaan hylkää megatrendejä itseään.
tda_82698279c7bd44b9a763f56423b86bda;PASS;;Minun on löydettävä eksplisiittisiä kuvauksia toimenpiteistä, jotka liittyvät tiedon järjestämiseen tai tallentamiseen.;1) Sääntö edellyttää fyysisten tietojen järjestämis- tai tallennustoimien löytämistä. 2) Teksti sisältää viittauksen raportteihin päivämäärineen. 3) Tämä viite osoittaa järjestettyä tietoa ja täyttää ehdon.;Viite: Sitran Megatrendiraportit 2017, 2020, 2023;Viite itsessään ei ole fyysinen toimenpide, vaan osoitus olemassa olevasta järjestetystä tiedosta. Se ei kuvaa aktiivista järjestämis- tai tallennusprosessia.
tda_96354dbfd9d247f49237952ead7cacaf;PASS;;Minun on löydettävä eksplisiittisiä lausuntoja, jotka esittävät teesin, antiteesin ja synteesin tai selkeän argumentin ja vasta-argumentin, jotka johtavat ratkaisuun.;1) Sääntö edellyttää eksplisiittisen dialektisen päättelyn löytämistä. 2) Teksti esittää, että luonnon rajat eivät ole 'vain rajoite' (antiteesi yleiselle käsitykselle), vaan 'uuden taloudellisen kasvun perusta' (synteesi). 3) Tämä lause täyttää ehdon.;Luonnon kantokyvyn rajat eivät ole vain rajoite, vaan uuden taloudellisen kasvun perusta .;Vaikka lause esittää kaksi vastakkaista näkökulmaa ja synteesin, se on melko tiivis eikä välttämättä edusta täydellistä dialektista päättelyketjua.
tda_aa0b85a7febe4a3d9f580223c36a1646;PASS;;Minun on tunnistettava eksplisiittiset absoluuttiset tilajulistukset, jotka jättävät täysin huomiotta haasteet ja riskit. Kielletty malli: Retrospektiiviset kommentit tai tekniset huomautukset virheistä, puuttuvista tiedoista tai toiminnallisista puutteista lähdemateriaalissa/prosessissa.;1) Sääntö edellyttää absoluuttisten tilajulistusten löytämistä, jotka jättävät huomiotta haasteet ja riskit. 2) Teksti sisältää lauseen, joka väittää 'ainoa tapa taata pitkän aikavälin vakaus'. Tämä on absoluuttinen väite, joka implisiittisesti jättää huomiotta mahdolliset haasteet tai riskit tämän vakauden saavuttamisessa tai ylläpitämisessä. 3) Tämä lause täyttää ehdon.;Korjaavaan ja uusintavaan talouteen siirtyminen on ainoa tapa taata pitkän aikavälin vakaus.;Väite 'ainoa tapa taata' on vahva, mutta se on strateginen suositus, ei välttämättä täydellinen riskien huomiotta jättäminen, vaan pikemminkin painotus tietyn polun välttämättömyydelle.
tda_b7e1fb5427384bb6866e224a0013ed2d;PASS;;I need to find sentences where the user presents an editorial, structural, or formatting decision as if it were a content-level source claim, or an appeal to their own authority regarding the content's validity or relevance.;1) Rule requires identifying editorial/formatting decisions presented as content-level claims or appeals to authority. 2) The user states: 'Korjasin taulukosta Eurooppaan liittyvän asian, koska näin alkupeäisen tarpeettomana.' 3) This sentence describes an editorial action ('Korjasin') justified by a subjective content judgment ('näin alkupeäisen tarpeettomana'), implying the user's authority over the content's necessity. This fits the rule.;Korjasin taulukosta Eurooppaan liittyvän asian, koska näin alkupeäisen tarpeettomana.;Väite voitaisiin kumota, jos käyttäjä olisi selittänyt korjauksen puhtaasti muotoilullisena tai rakenteellisena muutoksena ilman sisältöön liittyvää perustelua tai jos perustelu olisi viitannut ulkoiseen auktoriteettiin eikä omaan näkemykseen.
tda_eb8a7a13bbe54bcca5474cc8219229e2;FAIL;;I need to look for phrases or words that indicate a shortcut, an assumption, or a bypass of a more thorough process.;"1) Rule requires finding explicit 'shortcut markers' in the text. 2) I scanned the 'ReflectionText' for phrases indicating a shortcut, assumption, or bypass of a rigorous process. 3) No explicit 'shortcut markers' were found; the user describes decisions and observations, not shortcuts.";;Väite voitaisiin kumota, jos tekstistä löytyisi selkeä maininta oikopolusta, kuten 'ohitin tämän vaiheen' tai 'oletin, että...'.
tda_10dd47750c9244139c394ca875f160e6;PASS;1.0;Etsi lause, jossa Data ja Claim yhdistetään eksplisiittisellä säännöllä (esim. 'koska', 'annettu että'). Älä arvioi säännön laatua.;1) Sääntö edellyttää eksplisiittisen säännön löytämistä, joka yhdistää datan ja väitteen. 2) Lause 'Tämä syntyy siitä, että Luonnon kantokyky murenee, mikä ajaa suoraan siihen, että Talouden perusta rakoilee.' yhdistää 'Luonnon kantokyky murenee' (data) ja 'Talouden perusta rakoilee' (väite) eksplisiittisillä kausaalimekanismeilla ('syntyy siitä, että', 'mikä ajaa suoraan siihen, että'). 3) Tämä täyttää säännön ehdot.;Tämä syntyy siitä, että Luonnon kantokyky murenee, mikä ajaa suoraan siihen, että Talouden perusta rakoilee.;Lainaus sisältää selkeän kausaalisen yhteyden, joka toimii eksplisiittisenä sääntönä datan ja väitteen välillä. Siksi sitä ei voida falsifioida tämän säännön osalta.
tda_1d7531b5f5944175bb1eee7eaed44f69;FAIL;1.0;Etsi lause, jossa konsensus on AINOA peruste loogiselle säännölle. Varmista, ettei ole todennettavissa olevia empiirisiä lähteitä.;1) Sääntö edellyttää geneeristen konsensusmerkkien löytämistä, jotka ovat ainoa peruste loogiselle säännölle ilman empiiristä tukea. 2) Tarkistin ProductText- ja ChatLogAiOnly-lähteet. Kaikki väitteet on joko perusteltu Sitran näkemyksillä tai esitetty suorina seurauksina, eikä niissä käytetä geneerisiä konsensusmerkkejä ainoana perusteluna. 3) Sääntöä vastaavaa lainausta ei löytynyt.;;Tekstissä ei ole lauseita, jotka perustelisivat väitettä pelkästään geneerisellä konsensuksella ilman muuta tukea. Kaikki väitteet on joko attribuutioitu Sitralle tai esitetty suorina seurauksina.
tda_34259a6c02b74917b12f74b5f3839a66;PASS;1.0;Etsi dogmaattisia absoluuttisia merkkejä (esim. 'on paras', 'on pakko tehdä', 'on ainoa tapa'). Varmista, ettei samassa kappaleessa ole empiiristä dataa tai ulkoista viittausta.;1) Sääntö edellyttää dogmaattisen absoluuttisen merkin löytämistä, jossa ei ole empiiristä dataa tai ulkoista viittausta samassa kappaleessa. 2) Lause 'Korjaavaan ja uusintavaan talouteen siirtyminen on ainoa tapa taata pitkän aikavälin vakaus.' sisältää absoluuttisen merkin 'on ainoa tapa'. Kappale, jossa lause sijaitsee (Sitran Strateginen Suunta: Tulevaisuusresilienssi), ei sisällä empiiristä dataa tai ulkoisia viittauksia tämän väitteen tueksi. 3) Tämä täyttää säännön ehdot.;Korjaavaan ja uusintavaan talouteen siirtyminen on ainoa tapa taata pitkän aikavälin vakaus.;Lainaus sisältää selkeän absoluuttisen väitteen ('ainoa tapa'), ja sen ympäröivä kappale ei tarjoa empiiristä dataa tai ulkoisia viittauksia tämän absoluuttisen väitteen tueksi. Siksi sitä ei voida falsifioida tämän säännön osalta.
tda_3613ef7137cc4e48a2d62b9921e5583c;FAIL;1.0;Etsi anekdoottisia merkkejä, joissa anekdoottia käytetään perustelemaan systeemistä sääntöä tai laajaa politiikkaa. Älä liputa tiukkoja tapaustutkimuksia.;1) Sääntö edellyttää anekdoottisten merkkien löytämistä, joissa henkilökohtaista tarinaa tai yksittäistä tapausta käytetään perustelemaan laajaa sääntöä. 2) Tarkistin ProductText- ja ChatLogAiOnly-lähteet. Teksti käsittelee megatrendejä ja strategisia suuntia yleisellä tasolla, eikä se sisällä henkilökohtaisia tarinoita tai yksittäisiä anekdootteja, joita käytettäisiin yleisten sääntöjen perusteluun. Esimerkit, kuten 'Yhdysvallat vs. Kiina', ovat systeemisiä esimerkkejä, eivät anekdootteja. 3) Sääntöä vastaavaa lainausta ei löytynyt.;;Tekstissä ei ole anekdoottisia merkkejä, joissa yksittäistä tapausta käytettäisiin yleisen säännön perusteluun. Siksi sitä ei voida falsifioida tämän säännön osalta.
tda_4a8347422e464965a6e9206dcc240c26;PASS;1.0;Etsi lauseita, joissa väitteen rajat tai todennäköisyydet on eksplisiittisesti määritelty. Vältä epämääräisiä täytesanoja. NEGATIIVINEN RAJA: Jos semanttinen konteksti viittaa yleiseen retoriseen liioitteluun eikä kirjaimelliseen todisteeseen, hylkää. Älä päättele sanomattomia johtopäätöksiä.;1) Sääntö edellyttää ehdollisten määreiden löytämistä, jotka määrittelevät väitteen rajat tai todennäköisyydet. 2) Lause 'menestyäkseen yritysten on panostettava tulevaisuusresilienssiin.' sisältää ehdollisen määreen 'menestyäkseen', joka asettaa ehdon yritysten toiminnalle. 3) Tämä täyttää säännön ehdot.;menestyäkseen yritysten on panostettava tulevaisuusresilienssiin.;Lainaus sisältää selkeän ehdollisen määreen ('menestyäkseen'), joka asettaa ehdon väitteelle. Siksi sitä ei voida falsifioida tämän säännön osalta.
tda_69cc84e0b0c44996a8a95e09b356c692;FAIL;1.0;Etsi lause, joka yhdistää kaksi faktaa ilman selittävää mekanismia. Älä hyväksy eksplisiittisiä kausaalimekanismeja.;1) Sääntö edellyttää äkillisten siirtymämerkkien löytämistä, joissa kaksi faktaa yhdistetään ilman selittävää mekanismia. 2) Tarkistin ProductText- ja ChatLogAiOnly-lähteet. Teksti sisältää useita lauseita, jotka yhdistävät faktoja, mutta ne kaikki sisältävät eksplisiittisiä kausaalimekanismeja (esim. 'syntyy siitä, että', 'mikä ajaa suoraan siihen, että', 'nostavat', 'aiheuttavat', 'tekevät', 'rajoittavat', 'jakavat', 'vaikeuttavat', 'vaikuttavat', 'vähentävät', 'heikentävät', 'kasvatavat', 'vaativat', 'johtaneet siihen, että', 'murentaa'). 3) Sääntöä vastaavaa lainausta ei löytynyt.;;Tekstissä ei ole lauseita, jotka yhdistäisivät kaksi faktaa ilman minkäänlaista selittävää mekanismia. Kaikki yhteydet on esitetty kausaalisesti. Siksi sitä ei voida falsifioida tämän säännön osalta.
tda_6e3e3aa6b9134a01838c3b70a35b4f32;FAIL;1.0;Etsi heikkoa assosiatiivista kieltä, joka yhdistää Datan Claimiin määrittelemättä tarkkaa kausaalimekanismia.;1) Sääntö edellyttää heikon assosiatiivisen kielen löytämistä, joka yhdistää datan ja väitteen ilman tarkkaa kausaalimekanismia. 2) Lause 'Informaatiovaikutaminen ja luotamuksen rapautuminen vaikuttavat brändin arvoon.' käyttää sanaa 'vaikuttavat'. Vaikka se viittaa yhteyteen, se ei määrittele tarkkaa mekanismia, miten informaatiovaikuttaminen ja luottamuksen rapautuminen konkreettisesti muuttavat brändin arvoa. 3) Tämä täyttää säännön ehdot.;Informaatiovaikutaminen ja luotamuksen rapautuminen vaikuttavat brändin arvoon.;Lainaus käyttää yleistä termiä 'vaikuttavat' ilman yksityiskohtaista selitystä kausaalimekanismista, mikä tekee siitä heikon assosiatiivisen yhteyden. Siksi sitä ei voida falsifioida tämän säännön osalta.
tda_9a08254fb47a46fdb8a78030ed68f853;FAIL;1.0;Etsi kappale, jossa kirjoittaja eksplisiittisesti yrittää falsifioida omaa väitettään testillä/datalla ennen sen hyväksymistä. Ei yksinkertaisia hyvät/huonot-listoja.;1) Sääntö edellyttää dialektisen päättelyn merkkien löytämistä, joissa kirjoittaja yrittää falsifioida omaa väitettään testillä/datalla. 2) Tarkistin ProductText- ja ChatLogAiOnly-lähteet. Teksti esittää Sitran näkemyksiä ja analyysejä, mutta ei sisällä kohtia, joissa kirjoittaja eksplisiittisesti yrittäisi falsifioida omia väitteitään testien tai datan avulla. 'Ennusteiden Osuvuus (Jälkeenpäin Katsoen)' -osio arvioi aiempia ennusteita, mutta ei pyri falsifioimaan nykyisiä väitteitä. 3) Sääntöä vastaavaa lainausta ei löytynyt.;;Tekstissä ei ole merkkejä siitä, että kirjoittaja yrittäisi aktiivisesti falsifioida omia väitteitään testien tai datan avulla. Siksi sitä ei voida falsifioida tämän säännön osalta.
tda_9da28945325e4486a8b4941c561299fa;PASS;1.0;The rule requires identifying formal citations, meaning explicit references to verifiable external methodologies, studies, or regulations. Vague references are not sufficient.;1) Sääntö edellyttää muodollisten viittausten löytämistä, jotka viittaavat todennettavissa oleviin ulkoisiin menetelmiin tai tutkimuksiin. 2) Lähdetekstissä on maininta 'Viite: Sitran Megatrendiraportit 2017, 2020, 2023' ja 'CSRD-direktiivin ja EU-taksonomian kaltaiset säädökset'. 3) Nämä maininnat ovat suoria viittauksia todennettavissa oleviin ulkoisiin dokumentteihin ja säädöksiin, täyttäen muodollisen viittauksen kriteerit.;Viite: Sitran Megatrendiraportit 2017, 2020, 2023;Viittaus voisi olla epäselvä tai yleinen, eikä se viittaisi suoraan todennettavissa olevaan ulkoiseen lähteeseen. Tässä tapauksessa viittaukset ovat kuitenkin riittävän tarkkoja.
tda_b03e802130ef46c781ff49c6a71d6ada;FAIL;1.0;The rule requires finding thought-terminating clichés, which are phrases that dismiss complexity or opposing views without providing data-driven rebuttals.;1) Sääntö edellyttää ajatuksen päättävien kliseiden löytämistä, jotka sivuuttavat monimutkaisuuden tai vastakkaiset näkemykset ilman tietoja. 2) Tarkastelin lähdetekstiä ja AI:n vastauksia etsien tällaisia kliseitä. Vaikka teksti sisältää vahvoja väitteitä (esim. 'paluuta vanhaan normaaliin ei ole'), ne esitetään johtopäätöksinä megatrendianalyysin perusteella, ei tietojen puutteessa tapahtuvana monimutkaisuuden sivuuttamisena. 3) Tekstistä ei löytynyt selkeitä ajatuksen päättäviä kliseitä, jotka sivuuttaisivat monimutkaisuuden tai vastakkaiset näkemykset ilman dataa.;;Jos teksti sisältäisi lauseita, jotka kategorisesti hylkäävät vaihtoehtoiset näkemykset tai yksinkertaistavat monimutkaisia asioita ilman perusteluja, se täyttäisi kliseen kriteerit. Tässä tapauksessa väitteet ovat kuitenkin perusteltuja aiemmalla analyysillä.
tda_a935aa7d237849259142a2a8936bdec0;PASS;1.0;Säännön mukaan on löydettävä lopullinen johtopäätös tai vastaus, ja sen on oltava tuettu edeltävillä vaiheittaisilla selityksillä. Subjektiivinen arviointi on kielletty.;1) Etsin lopullista johtopäätöstä 'producttext'-osiosta. 2) Löysin johtopäätöksen 'Johtopäätös: Muutos 2017:n potentiaalista 2023:n kriisiin on peruuttamaton. Yrityksemme menestys riippuu kyvystämme integroida nämä kolme supermegatrendiä strategiseen päätöksentekoon ja nähdä kestävyys ja autonomia uusina kilpailutekijöinä.'. 3) Tarkistin, onko tätä johtopäätöstä edeltänyt askel askeleelta etenevä, muuttujatasoinen dekompositio. Vaikka raportti esittelee supermegatrendejä ja niiden vaikutuksia, se ei tarjoa yksityiskohtaista, muuttujatason dekompositiota, joka selittäisi tarkasti, miten nämä johtopäätökset on johdettu. Se esittää tulokset, mutta ei niiden tarkkaa laskennallista tai loogista polkua.;Johtopäätös: Muutos 2017:n potentiaalista 2023:n kriisiin on peruuttamaton. Yrityksemme menestys riippuu kyvystämme integroida nämä kolme supermegatrendiä strategiseen päätöksentekoon ja nähdä kestävyys ja autonomia uusina kilpailutekijöinä.;Johtopäätös esitetään, mutta sen taustalla oleva prosessi ei ole täysin läpinäkyvä. Vaikka supermegatrendit ja niiden vaikutukset on kuvattu, ei ole esitetty selkeää, askel askeleelta etenevää dekompositiota, joka osoittaisi, miten juuri näihin johtopäätöksiin on päädytty yksittäisten megatrendien ja niiden evoluution perusteella. Tämä jättää tilaa tulkinnalle eikä täytä vaatimusta täydellisestä selitettävyydestä.
tda_45885ef98e7d481084b4378d5b3f2f3f;CONTESTED;0.6666666666666666;The rule prohibits justifications based on appeals to general authority or dismissive phrases without concrete, verifiable backing (dataset, numerical weight, specific rule). I must look for such phrases in the text.;1) The rule requires identifying appeals to general authority without specific backing. 2) The AI's responses consistently refer to 'Sitran megatrendiraporttien perusteella' or 'Sitran näkemys'. 3) These are specific, cited sources within the provided context, not appeals to general, unbacked authority. No generic dismissive phrases were found.;;If the AI had used phrases like 'common knowledge dictates' or 'it's obvious that' without linking to the Sitra reports, it would have violated this rule.
tda_41c6b31cee074d05b3024bb3437bedc1;CONTESTED;0.6666666666666666;Sääntö kieltää subjektiivisen arvioinnin ja vaatii, että perusteluissa on oltava spesifisiä muuttujia, numeroita tai tarkkoja lainauksia syötteestä.;1) Etsin 'producttext'- ja 'chatlogaionly'-osioista perustelulauseita. 2) Löysin useita lauseita, jotka sisältävät yleisiä kuvauksia ja tulkintoja, mutta eivät aina spesifisiä muuttujia, numeroita tai tarkkoja lainauksia alkuperäisestä datasta. Esimerkiksi 'Muutos 2017:n potentiaalista 2023:n kriisiin on peruuttamaton' on johtopäätös, joka perustuu yleiseen tulkintaan, ei spesifisiin muuttujiin tai numeroihin. 3) Vaikka teksti käyttää termejä kuten 'Luonnon kantokyky murenee' ja 'Talouden perusta rakoilee', nämä ovat jo tulkittuja megatrendien otsikoita, eivät raakaa dataa tai numeroita, jotka tukisivat subjektiivisen arvioinnin puuttumista.;Johtopäätös: Muutos 2017:n potentiaalista 2023:n kriisiin on peruuttamaton. | Maailma on siirtynyt ennakoitavista pitkistä kaarista (2017) kriisien tilaan (2023). | Evoluutio on tonaalinen eskalaatio akuutista tietoisuudesta (2017) perustavanlaatuiseksi, uhkaavaksi murtumaksi (2023), joka edellyttää ekologista jälleenrakennusta.;Teksti sisältää useita yleisiä tulkintoja ja johtopäätöksiä, jotka eivät ole suoraan ankkuroitu spesifisiin numeerisiin arvoihin tai raakaan dataan. Esimerkiksi 'peruuttamaton' on subjektiivinen arvio muutoksen luonteesta, jota ei ole kvantifioitu. Tämä viittaa subjektiiviseen arviointiin.
tda_18fd37ad3f1f4903a812c12346d0ca8e;PASS;1.0;Sääntö kieltää oletetut yhteydet ja vaatii, että tarkat syöttömuuttujat nimetään eksplisiittisesti ja yhdistetään spesifiseen tulokseen. Retorinen liioittelu on kielletty.;1) Etsin 'producttext'- ja 'chatlogaionly'-osioista kausaalisia yhteysväitteitä. 2) Löysin useita väitteitä, jotka yhdistävät megatrendejä toisiinsa ja niiden vaikutuksiin, esimerkiksi 'Luonnon kantokyky murenee, mikä ajaa suoraan siihen, että Talouden perusta rakoilee'. Tässä 'Luonnon kantokyky' ja 'Talouden perusta' ovat nimettyjä muuttujia, ja yhteys on suora. 3) Vaikka joissakin kohdissa yhteys on eksplisiittinen, kuten edellä mainitussa, toisissa kohdissa, kuten 'kriisit ja Talouden perustan rakoilu ruokkivat Hyvinvoinnin haasteita ja sosiaalista polarisaatiota', 'ruokkivat' voi olla tulkinnanvaraisempi, mutta se yhdistää nimettyjä käsitteitä. Teksti pyrkii nimeämään muuttujia ja yhdistämään niitä, vaikka 'ruokkivat' on hieman retorinen.;Luonnon kantokyky murenee, mikä ajaa suoraan siihen, että Talouden perusta rakoilee . | Tämä supermegatrendi kuvaa, miten kriisit ja Talouden perustan rakoilu ruokkivat Hyvinvoinnin haasteita ja sosiaalista polarisaatiota, mikä vaikuttaa suoraan työvoiman saatavuuteen. | Nämä yksittäiset megatrendit eivät toimi erillään, vaan kietoutuvat toisiinsa kolmeksi keskeiseksi Supermegatrendiksi, jotka sanelevat tulevaisuuden markkinaolosuhteet.;Vaikka teksti pyrkii yhdistämään nimettyjä käsitteitä, kuten 'Luonnon kantokyky' ja 'Talouden perusta', termit kuten 'ruokkivat' tai 'sanelevat' voivat sisältää retorista liioittelua tai implisiittisiä oletuksia, jotka eivät ole täysin eksplisiittisesti määriteltyjä kausaalisia mekanismeja. Tämä heikentää vaatimusta täysin eksplisiittisestä ja ei-oletetusta yhteydestä.
tda_19e1957773db4cfd820cb167ae1d8ec3;CONTESTED;0.6666666666666666;The rule mandates that the text must physically identify a scenario where its OWN logic or model fails or is limited. It's a search for explicit self-critique of the system's reasoning.;1) The rule requires explicit identification of the system's own logical or model limitations. 2) The AI evaluates Sitra's past predictions ('Ennusteiden Osuvuus') and the user reflects on input data issues ('lähtötilanteessaa oli virhe'). 3) Neither of these explicitly identifies a failure or limitation of the *AI's own current logic or model* in generating the report.;;If the AI had stated, 'My current analytical model struggles to fully capture the nuances of X,' it would have met the condition.
tda_ae5dd6ac930544f4abd77d3438c59ddd;CONTESTED;0.6666666666666666;This rule checks for explicit documentation of option-weighing or friction in decision-making *before* a final decision is stated, to avoid post-decision doubt.;1) The rule requires explicit comparison and evaluation of alternatives *before* a decision. 2) The AI's output presents a final analysis and strategic direction without explicitly detailing alternative options considered and rejected. The user's reflection mentions 'Mietin erilaisia sanoja ja termejä' and 'muuttelin yksityiskohtia', but this describes personal thought process and post-hoc editing, not pre-decision option weighing within the generated report's logic. 3) No explicit pre-decision option weighing or friction is documented in the AI's output.;;If the report had included a section like 'We considered alternative strategic directions X and Y, but chose Z because of [specific reasons],' the condition would have been met.
tda_a18475703cc541fda2a9af6757b86005;CONTESTED;0.6666666666666666;Sääntö kieltää kvalitatiivisen luottamuksen ja vaatii, että tekstissä määritellään tarkasti kvantitatiivinen tai rakenteellinen varmuuden raja.;1) Etsin 'producttext'- ja 'chatlogaionly'-osioista lauseita, jotka ilmaisevat luottamusta tai varmuutta. 2) Teksti käyttää termejä kuten 'peruuttamaton', 'ainoa tapa', 'kriittisiä' ja 'ensimmäinen tavoite', jotka ilmaisevat korkeaa luottamusta. 3) Nämä luottamuksen ilmaisut ovat kuitenkin kvalitatiivisia eivätkä sisällä tarkkoja kvantitatiivisia mittareita tai rakenteellisia rajoja varmuudelle. Esimerkiksi 'peruuttamaton' on absoluuttinen kvalitatiivinen väite, jota ei ole tuettu numeerisella todennäköisyydellä tai määritellyllä virhemarginaalilla.;Johtopäätös: Muutos 2017:n potentiaalista 2023:n kriisiin on peruuttamaton. | Korjaavaan ja uusintavaan talouteen siirtyminen on ainoa tapa taata pitkän aikavälin vakaus. | Ennaltaehkäisevät investoinnit kokonaisvaltaiseen hyvinvointiin ja mielenterveyteen ovat kriitisiä rekrytoinnissa ja pitovoimassa.;Teksti ilmaisee luottamusta ja varmuutta kvalitatiivisin termein (esim. 'peruuttamaton', 'ainoa tapa') ilman, että se määrittelisi tarkkoja kvantitatiivisia mittareita tai rakenteellisia rajoja tälle varmuudelle. Tämä on suoraan säännön vastainen.
tda_ac3b078498e048889ad3bc46b634c2ee;CONTESTED;0.6666666666666666;Sääntö vaatii akateemisen viittauksen, matemaattisen teoreeman tai akateemisen viitekehyksen, ja logiikan on oltava aktiivisesti sidottu tähän lähteeseen.;"1) Etsin 'producttext'- ja 'chatlogaionly'-osioista akateemisia viittauksia, matemaattisia teoreemoja tai akateemisia viitekehyksiä. 2) Teksti viittaa 'Sitran Megatrendiraportit 2017, 2020, 2023' useaan otteeseen. 3) Nämä viittaukset ovat kuitenkin passiivisia; ne mainitsevat lähteet, mutta eivät aktiivisesti sovella mitään spesifistä akateemista viitekehystä tai teoreemaa näistä raporteista. Esimerkiksi Liptonin viitekehystä ei mainita tai sovelleta, vaikka se on tämän arvioinnin taustalla. Teksti käyttää Sitran raporttien sisältöä, mutta ei niiden akateemista tai teoreettista rakennetta aktiivisesti logiikkansa perustana.";Viite: Sitran Megatrendiraportit 2017, 2020, 2023;Vaikka Sitran raportteihin viitataan, teksti ei aktiivisesti sovella mitään spesifistä akateemista viitekehystä tai teoreemaa näistä lähteistä. Viittaukset ovat passiivisia, eivätkä ne osoita logiikan aktiivista sitoutumista akateemiseen lähteeseen.
tda_fcdde66df02c4edb9e090172c3e2b956;PASS;1.0;Sääntö kieltää tekoälyä syntetisoimasta loogisia askelia itse. Etsin vähintään kolmen eksplisiittisen loogisen askeleen jatkuvaa ketjua, jonka tekoäly on itse luonut, eikä se ole suoraan lähdemateriaalista.;1) Sääntö kieltää tekoälyä syntetisoimasta loogisia askelia. 2) Tarkistin tekoälyn lopullisen tuotoksen (src1) etsien vähintään kolmen eksplisiittisen loogisen askeleen ketjuja. 3) Kohdasta 'Ekologinen Resilienssikriisi' löytyi lause 'Tämä syntyy siitä, että Luonnon kantokyky murenee, mikä ajaa suoraan siihen, että Talouden perusta rakoilee. Tämä on evoluutio 2017 trendistä Ymmärrys maapallon kantokyvystä kasvaa.', joka sisältää kolme toisiinsa liittyvää loogista askelta, jotka tekoäly on syntetisoinut. 4) Koska tekoäly on syntetisoinut nämä askeleet, sääntöä on rikottu.;Tämä syntyy siitä, että Luonnon kantokyky murenee, mikä ajaa suoraan siihen, että Talouden perusta rakoilee. Tämä on evoluutio 2017 trendistä Ymmärrys maapallon kantokyvystä kasvaa.;Väite voitaisiin kumota, jos osoitettaisiin, että lainattu teksti on suoraan peräisin Sitran raporteista eikä tekoälyn omaa synteesiä. Koska tekoälyä pyydettiin luomaan raportti ja yhdistelemään megatrendejä supermegatrendeiksi, tämä edellyttää synteesiä.
tda_10f455c36f754d33a3a551e9e7b61da4;CONTESTED;0.6666666666666666;Poimi kappaleet, joissa yksi kattava käsite on nimenomaisesti jaettu vähintään kahteen nimettyyn alikomponenttiin.;1) Sääntö edellyttää rakenteellisten jaotteluverbien löytämistä, joissa yksi käsite jaetaan alikomponentteihin. 2) Tekstissä on kappale 'Talousjärjestelmän vakauteen vaikuttavat kolme pääasiallista, toisiaan vahvistavaa supermegatrendiä:' jota seuraa numeroitu lista. 3) Tämä kappale jakaa 'supermegatrendit' kolmeen nimettyyn alikomponenttiin.;Talousjärjestelmän vakauteen vaikuttavat kolme pääasiallista, toisiaan vahvistavaa supermegatrendiä:  1. Ekologinen Resilienssikriisi  Tämä syntyy siitä, että Luonnon kantokyky murenee, mikä ajaa suoraan siihen, että Talouden perusta rakoilee .;Kappale 'Talousjärjestelmän vakauteen vaikuttavat kolme pääasiallista, toisiaan vahvistavaa supermegatrendiä:' ja sitä seuraava numeroitu lista täyttävät täysin ehdon, jossa yksi kattava käsite (supermegatrendit) jaetaan useisiin nimettyihin alikomponentteihin.
tda_131403148eab4c739149e6bd29164ce2;PASS;1.0;The rule requires finding instances where the author is paraphrasing or reformulating information, rather than directly copying definitions.;1) Sääntö edellyttää, että teksti sisältää uudelleenmuotoilun merkkejä, eli kirjoittaja parafrasoi. 2) Käyttäjän reflektiotekstissä mainitaan, että tekoälyn vastausta oli 'pakko supistaa ja tuottaa ylätason näkemys' ja että hän 'mietti erilaisia sanoja ja termejä'. 3) Tämä osoittaa, että käyttäjä on aktiivisesti muotoillut ja tiivistänyt tietoa, ei vain kopioinut sitä.;Pyysin supermegatrendejä - tämä oli iso oivallus. Tekoälyn alkuperäinen vastaus oli liian laaja, joten sitä oli pakko supistaa ja tuottaa ylätason näkemys. Mietin erilaisia sanoja ja termejä, mutta supermegatrendit tuli ensimmäisenä mieleeni.;Lainaus osoittaa selkeästi käyttäjän aktiivisen muotoilun ja tiivistämisen, mikä on parafrasoinnin merkki. Jos teksti olisi ollut suora kopio ilman mainintaa muokkaamisesta, sääntö ei täyttyisi.
tda_20e76f768d24458fb2cc131b2bde4e04;FAIL;1.0;The rule requires finding an explicit enforcement of a rule despite contextual evidence suggesting it might be suboptimal. This is a negative condition, so I'm looking for the *absence* of this behavior.;1) Sääntö edellyttää, että sääntöä noudatetaan sokeasti huolimatta siitä, että kontekstuaalinen näyttö viittaa sen olevan suboptimaalinen. 2) Tarkistin kaikki lähdetiedot etsien tätä käyttäytymistä. 3) En löytänyt yhtään tapausta, jossa sääntöä olisi noudatettu sokeasti huolimatta sen suboptimaalisuudesta.;;Koska sääntö on negatiivinen ehto ja sen puuttuminen on todennettu, falsifiointi edellyttäisi suoraa todistetta sokeasta menettelytapojen noudattamisesta, jota ei löytynyt.
tda_216cc3fd45284deb8d51ea4cf2b2fd93;PASS;1.0;The rule requires finding absolute claims presented without any citations or stated limitations.;1) Sääntö edellyttää absoluuttisten väitteiden löytämistä ilman viittauksia tai rajoituksia. 2) Lause 'Paluuta vanhaan normaaliin ei ole' on absoluuttinen väite. 3) Tälle väitteelle ei ole esitetty viittauksia tai rajoituksia annetussa tekstissä.;Paluuta vanhaan normaaliin ei ole, ja menestyäkseen yritysten on panostettava tulevaisuusresilienssiin .;Väite on muotoiltu absoluuttiseksi ja yleispäteväksi ilman mitään viittauksia tai rajoituksia. Jos väitteelle olisi annettu lähde tai se olisi esitetty ehdollisena, sääntö ei täyttyisi.
tda_5198e13cde3447fe9d0737a80abe458c;PASS;1.0;The rule requires finding an evaluation that explicitly links its judgment to a stated benchmark or metric.;1) Sääntö edellyttää, että arviointi linkittää tuomionsa nimenomaan ilmoitettuun vertailuarvoon tai mittariin. 2) Teksti mainitsee 'CSRD-direktiivin ja EU-taksonomian kaltaiset säädökset' vertailuarvoina, jotka tekevät kestävyydestä pakollista. 3) Tämä linkittää 'kestävyyden pakollisuuden' (tuomion) suoraan nimettyihin säädöksiin (vertailuarvoihin).;Sääntelypaine: CSRD-direktiivin ja<br>EU-taksonomian kaltaiset säädökset<br>tekevät kestävyydestä pakollista<br>(compliance) ja rajoitavat ei-kestävää<br>rahoitusta.;Lainaus nimeää selkeästi säädökset (CSRD-direktiivi ja EU-taksonomia) kestävyyden pakollisuuden perusteeksi, mikä täyttää ehdon. Jos säädöksiä ei olisi nimetty, sääntö ei täyttyisi.
tda_6a779cd5e9714994b83168dd0fef0ef7;PASS;1.0;The rule requires finding an abstract framework or rule explicitly linked to a physical, real-world noun (e.g., a specific project, person, or physical action).;1) Sääntö edellyttää, että abstrakti kehys tai sääntö linkitetään nimenomaisesti fyysiseen, todelliseen substantiiviin. 2) Tekstissä 'Kiertotalous' (abstrakti kehys) linkitetään 'Investoinnit kiertotalouden ratkaisuihin ja omaan uusiutuvaan energiantuotantoon' (fyysisiin toimiin). 3) Tämä osoittaa abstraktin käsitteen soveltamista konkreettisiin toimiin.;Sopeutuminen & Kiertotalous: <br>Investoinnitkiertotalouden ratkaisuihin ja<br>omaan uusiutuvaan<br>energiantuotantoon.;Lainaus yhdistää selkeästi abstraktin käsitteen (kiertotalous) konkreettisiin toimiin (investoinnit ratkaisuihin ja energiantuotantoon). Jos linkki olisi ollut puhtaasti teoreettinen ilman konkreettisia esimerkkejä, sääntö ei täyttyisi.
tda_a3d407a71ade4ea4aa3afeaf1bb61b3c;PASS;1.0;The rule requires finding evaluative judgment verbs, where the text delivers a defensible judgment on the validity or utility of an idea.;1) Sääntö edellyttää, että teksti sisältää arvioivan tuomion idean pätevyydestä tai hyödyllisyydestä. 2) Lause 'Korjaavaan ja uusintavaan talouteen siirtyminen on ainoa tapa taata pitkän aikavälin vakaus' esittää tuomion 'korjaavan ja uusintavan talouden' välttämättömyydestä ja hyödyllisyydestä. 3) Tämä on puolustettavissa oleva tuomio idean hyödyllisyydestä.;Korjaavaan ja uusintavaan talouteen siirtyminen on ainoa tapa taata pitkän aikavälin vakaus.;Lainaus sisältää selkeän ja puolustettavissa olevan tuomion 'korjaavan ja uusintavan talouden' välttämättömyydestä. Jos lause olisi ollut vain mielipide ilman perusteluja, sääntö ei täyttyisi.
tda_b36d3ec7b1f94fe9ad4b45795a8a104b;PASS;1.0;The rule requires finding a sentence that states a standalone fact without explanatory conjunctions.;1) Sääntö edellyttää, että lause esittää itsenäisen tosiasian ilman selittäviä konjunktioita. 2) Lause 'Luonnon kantokyky murenee, mikä ajaa suoraan siihen, että Talouden perusta rakoilee' sisältää selittävän konjunktion 'mikä ajaa suoraan siihen, että'. 3) Tämä rikkoo säännön vaatimuksen itsenäisestä tosiasiasta ilman selittäviä konjunktioita.;Luonnon kantokyky murenee, mikä ajaa suoraan siihen, että Talouden perusta rakoilee .;Lause sisältää selittävän konjunktion 'mikä ajaa suoraan siihen, että', joka yhdistää kaksi osaa kausaalisesti. Sääntö edellyttää itsenäistä tosiasiaa ilman tällaisia selittäviä sidoksia.
tda_b3c69e002634430ca9f2e2a33f7b280e;PASS;1.0;Minun on löydettävä teksti, joka yhdistää vähintään kaksi erillistä elementtiä täysin uudeksi, nimettyksi kehykseksi tai ratkaisuksi, osoittaen uuden teoreettisen harppauksen, ei pelkkää olemassa olevien ideoiden yhdistelmää.;1) Sääntö edellyttää vähintään kahden erillisen elementin yhdistämistä uudeksi, nimettyksi kehykseksi. 2) Teksti yhdistää 'yksittäiset megatrendit' 'kolmeksi keskeiseksi Supermegatrendiksi'. 3) Tämä täyttää ehdon, koska se luo uuden, nimetyn kehyksen ('Supermegatrendit') yhdistämällä olemassa olevia elementtejä.;Nämä yksittäiset megatrendit eivät toimi erillään, vaan kietoutuvat toisiinsa kolmeksi keskeiseksi Supermegatrendiksi, jotka sanelevat tulevaisuuden markkinaolosuhteet.;Väite voitaisiin kumota, jos 'Supermegatrendit' olisi vain olemassa olevien megatrendien luettelo ilman uutta käsitteellistä kehystä tai jos niiden muodostumista ei olisi kuvattu yhdistävänä prosessina.
tda_b7dfe23403db4db5b92a29a8bda9957c;CONTESTED;0.6666666666666666;Sääntö edellyttää, että kaksi substantiivia tai substantiivilauseketta on yhdistetty konjunktiolla ILMAN mitään relationaalista verbiä, joka kuvaisi niiden vuorovaikutusta samassa lauseessa.;1) Sääntö edellyttää kahden substantiivin tai substantiivilausekkeen yhdistämistä konjunktiolla ilman relationaalista verbiä. 2) Lauseessa 'Sopeutuminen & Kiertotalous:' 'Sopeutuminen' ja 'Kiertotalous' ovat substantiiveja, jotka on yhdistetty konjunktiolla '&'. 3) Tässä lausekkeessa ei ole relationaalista verbiä, joka kuvaisi niiden vuorovaikutusta, joten ehto täyttyy.;Sopeutuminen & Kiertotalous:;Ei falsifioitavaa näyttöä. Valittu lainaus sisältää kaksi substantiivia, jotka on yhdistetty konjunktiolla ilman relationaalista verbiä.
tda_bfbe65b639b54106913902d5bd0ae6ab;PASS;1.0;Minun on löydettävä teksti, joka tunnistaa mekanismin tai oletuksen, joka ei ole välittömästi näkyvissä pinnalla, välttäen pinnallisia havaintoja näkyvistä oireista.;1) Sääntö edellyttää mekanismin tai pinnan alla olevan oletuksen tunnistamista. 2) Teksti selittää, 'miten kaksi tai useampi megatrendi törmäävät ja luovat uudenlaisen, laajemman muutoksen tilan', mikä on 'Supermegatrendien' syntymekanismi. 3) Tämä kuvaa syvempää mekanismia kuin pelkkä havainto, täyttäen ehdon.;Supermegatrendit syntyvät, kun tarkastellaan, miten kaksi tai useampi megatrendi törmäävät ja luovat uudenlaisen, laajemman muutoksen tilan.;Väite voitaisiin kumota, jos lainaus olisi vain pinnallinen kuvaus ilman selitystä siitä, miten tai miksi ilmiö tapahtuu.
tda_d95b263f55504cc38901001296374825;CONTESTED;0.6666666666666666;Minun on löydettävä syntetisoitu kehys, joka leijuu puhtaasti abstraktiossa ilman MITÄÄN viittauksia tai ankkurointia konkreettiseen aikaisempaan asiantuntijakirjallisuuteen. En saa hyväksyä perusteltuja hypoteeseja, jotka viittaavat päteviin ulkoisiin ennakkotapauksiin.;1) Sääntö edellyttää uuden kehyksen esittämistä ilman minkäänlaisia viittauksia tai ankkurointia aiempaan kirjallisuuteen. 2) Sekä ProductText että ChatLogAiOnly viittaavat johdonmukaisesti 'Sitran Megatrendiraportteihin 2017, 2020, 2023' 'Supermegatrendien' kehyksen lähteenä. 3) Koska kehys on ankkuroitu olemassa olevaan asiantuntijakirjallisuuteen, se ei leiju puhtaasti abstraktiossa ilman viittauksia. Siksi ehdot täyttävää lainausta ei löytynyt.;;Väite voitaisiin kumota, jos 'Supermegatrendit'-kehys esitettäisiin ilman mitään mainintaa Sitran raporteista tai muusta aiemmasta kirjallisuudesta.
tda_08c5a8eca0bb41a49d60b849503da2bb;FAIL;1.0;The rule requires finding user prompts where the user corrects the AI and explicitly states the logical reason for the correction.;1) Sääntö edellyttää, että käyttäjä korjaa tekoälyä ja ilmoittaa korjauksen loogisen syyn. 2) Käyttäjä pyysi muotoilumuutoksia (esim. 'poista taulukot ja kerro ne tekstinä') tai sisällön tarkennuksia, mutta ei eksplisiittisesti esittänyt loogista syytä korjaukselle. 3) Ehdot täyttävää lausetta ei löytynyt.;;Vaikka käyttäjä pyysi muutoksia, kuten taulukoiden muuttamista tekstiksi, hän ei esittänyt eksplisiittistä loogista perustetta tälle korjaukselle, vaan pikemminkin muotoilutoiveen.
tda_1897cd57db7c4e9b9ffc086ee544f643;PASS;1.0;The rule requires finding user prompts where the user defines the situational context or role for the AI before asking for output.;1) Sääntö edellyttää, että käyttäjä määrittelee tekoälyn tilannekohtaisen kontekstin tai roolin. 2) Käyttäjä antoi kehotteen 'kirjoita tämä kaupallisen liiketoiminnan johtoryhmälle ja kirjoita siihen hiukan kaupallisia vaikutuksia mukaan'. 3) Tämä kehotus määrittelee selkeästi kohderyhmän ('kaupallisen liiketoiminnan johtoryhmälle') ja sisällön painopisteen ('kaupallisia vaikutuksia mukaan'), mikä asettaa tekoälylle kontekstin.;kirjoita tämä kaupallisen liiketoiminnan johtoryhmälle ja kirjoita siihen hiukan kaupallisia vaikutuksia mukaan;Ei falsifioitavissa, koska kehotus määrittelee selkeästi kohderyhmän ja sisällön painopisteen, mikä on kontekstin asettamista.
tda_2c3c394f7c07417c9754b54602bf1353;FAIL;1.0;The rule requires finding user prompts where the user actively acknowledges an incomplete or erroneous AI response but instructs to move forward anyway.;1) Sääntö edellyttää, että käyttäjä tunnistaa tekoälyn vastauksen virheelliseksi tai puutteelliseksi, mutta silti kehottaa jatkamaan. 2) Käyttäjä pyysi korjauksia (esim. 'varmista, että taulukot ovat kohdallaan') tai muotoilumuutoksia, mutta ei jatkanut eteenpäin virheestä huolimatta. 3) Ehdot täyttävää lausetta ei löytynyt.;;Käyttäjä pyysi korjauksia tai muutoksia, mikä osoittaa, ettei hän hyväksynyt virhettä tai puutetta ja jatkanut eteenpäin, vaan pyrki aktiivisesti korjaamaan sen.
tda_3af2d6bfe99c4119a301706c63920524;FAIL;1.0;The rule requires the user to actively flag discrepancies between AI claims and source materials.;1) Sääntö edellyttää, että käyttäjä nostaa aktiivisesti esiin ristiriitoja tekoälyn väitteiden ja lähdemateriaalien välillä. 2) Käyttäjän kehotteet keskittyivät sisällön muotoiluun, tarkennuksiin tai tiettyjen elementtien muuntamiseen. 3) Ehdot täyttävää lausetta ei löytynyt.;;Käyttäjä ei pyytänyt tekoälyä vertaamaan omaa tuotostaan lähdemateriaaliin tai osoittanut ristiriitoja niiden välillä.
tda_46b1a8e3c2304438b82420fc40c3dbc1;PASS;1.0;The rule requires finding user prompts where the user's ONLY request is a stylistic or formatting change, completely ignoring substantive logic.;1) Sääntö edellyttää, että käyttäjän AINOA pyyntö on tyylillinen tai muotoilullinen muutos, joka jättää sisällöllisen logiikan huomiotta. 2) Käyttäjä antoi kehotteen 'poista taulukot ja kerro ne tekstinä'. 3) Tämä kehotus on puhtaasti muotoilullinen muutos (taulukot tekstiksi) eikä puutu sisällölliseen logiikkaan.;poista taulukot ja kerro ne tekstinä;Ei falsifioitavissa, koska kehotus on yksinomaan muotoilullinen eikä sisällä sisällöllistä logiikkaa koskevia vaatimuksia.
tda_6ecd649b48c24e68824e27e30ed8a63e;FAIL;1.0;The rule requires finding user prompts where the user explicitly names a method or analytical framework the AI MUST follow.;1) Sääntö edellyttää, että käyttäjä nimeää eksplisiittisesti menetelmän tai analyyttisen viitekehyksen, jota tekoälyn on noudatettava. 2) Käyttäjän kehotteet viittasivat lähteisiin ('raporttien perusteella') tai pyysivät tiettyä sisältöä tai muotoa, mutta eivät nimenneet analyyttistä menetelmää (esim. SWOT-analyysi, PESTEL-analyysi). 3) Ehdot täyttävää lausetta ei löytynyt.;;Vaikka käyttäjä viittasi 'raporttien perusteella', tämä on lähderajoitus, ei analyyttinen menetelmä tai viitekehys, jota tekoälyn tulisi noudattaa.
tda_a9b23e07d30a4422bcc983f4308ad212;FAIL;1.0;The rule requires finding user prompts where the user forces the AI to rigorously critique its own previous output or identify fatal flaws.;1) Sääntö edellyttää, että käyttäjä pakottaa tekoälyn kriittisesti arvioimaan omaa edellistä tuotostaan tai tunnistamaan vakavia puutteita. 2) Käyttäjä pyysi 'varmista, että taulukot ovat kohdallaan', mikä on tarkistuspyyntö, mutta ei 'rigoröösiä kritiikkiä' tai 'vakavien puutteiden' tunnistamista. 3) Ehdot täyttävää lausetta ei löytynyt.;;Pyynnöt, kuten 'varmista, että taulukot ovat kohdallaan', ovat laadunvarmistusta, eivät tekoälyn oman tuotoksen syvällistä kritiikkiä tai fataalien virheiden etsintää.
tda_b4e82bca48654f9ab948d4b3004abf81;FAIL;1.0;The rule requires finding user prompts where the user explicitly forces the AI to stop and wait for human validation before proceeding to the next step.;1) Sääntö edellyttää, että käyttäjä pakottaa tekoälyn pysähtymään ja odottamaan ihmisen validointia ennen seuraavaan vaiheeseen siirtymistä. 2) Käyttäjän kehotteet olivat peräkkäisiä ohjeita ilman eksplisiittisiä pysäytys- tai odotuskomentoja. 3) Ehdot täyttävää lausetta ei löytynyt.;;Käyttäjä antoi ohjeita peräkkäin, mikä ei sisällä vaatimusta tekoälyn pysähtymisestä ja ihmisen validoinnista ennen jatkamista.
tda_d2e04ccdc7df428380b667e21217224a;PASS;1.0;Sääntö edellyttää sellaisten käyttäjän kehotteiden tunnistamista, joissa käyttäjä delegioi tekoälylle lopullisen subjektiivisen valinnan tai päätöksen tekemisen omasta puolestaan.;1) Sääntö edellyttää subjektiivisen päätösvallan delegointia tekoälylle. 2) Käyttäjän kehotteessa on ilmaisu 'aina kun on järkevää'. 3) Tämä ilmaisu delegioi tekoälylle subjektiivisen päätöksen siitä, mikä on järkevää sisällyttää.;Megatrendien Kooste ja Evoluutio Tekstinä, ota näissä väleissä aina kun on järkevää välilä olevista megatrendeistä viestejä;Väite voitaisiin kumota, jos 'aina kun on järkevää' -ilmaisua voitaisiin tulkita objektiiviseksi ohjeeksi, joka ei jätä tilaa tekoälyn subjektiiviselle harkinnalle. Kuitenkin 'järkevää' on luonnostaan subjektiivinen käsite.
tda_fa4667af98f84790af9b9a12cd9d7bd0;CONTESTED;0.6666666666666666;Etsi käyttäjän kehotteita, jotka ovat yleisiä ja joista puuttuu erityisiä rajoituksia, jolloin tekoäly voi vapaasti päättää, mikä on tärkeää.;1) Sääntö edellyttää, että komento on laaja ja antaa tekoälylle vapauden päättää, mikä on tärkeää. 2) Käyttäjän kehotteessa 'koosta näistä vastauksista 1 sivun raportti' pyydetään raporttia aiemmista vastauksista ilman tarkempia sisältörajoituksia. 3) Tämä kehotus antaa tekoälylle vapauden valita ja priorisoida sisältöä aiemmista vastauksista, jotta se mahtuu yhdelle sivulle, mikä täyttää ehdon.;koosta näistä vastauksista 1 sivun raportti;Vaikka kehotus sisältää sivumäärärajoituksen ('1 sivun'), se ei määrittele, mitä sisältöä aiemmista vastauksista tulisi sisällyttää tai jättää pois, jättäen sisällön valinnan tekoälyn subjektiivisen harkinnan varaan.
tda_657fb164be984788a760eed250b3bc61;PASS;1.0;Säännön mukaan on etsittävä tapauksia, joissa käyttäjä antaa konkreettisen kielellisen mallin tai rakenteellisesti yksityiskohtaisen mallin ohjatakseen tekoälyä.;1) Sääntö edellyttää käyttäjän antamia konkreettisia rakenteellisia malleja. 2) Käyttäjä pyytää raporttia, jossa 'Supermegatrendit ovat pääosassa' ja ohjaa sen 'kaupallisen liiketoiminnan johtoryhmälle' sisältäen 'kaupallisia vaikutuksia'. 3) Nämä pyynnöt täyttävät konkreettisen rakenteellisen ohjauksen kriteerit.;tee kokonaisuudesta raportti, missä Supermegatrendit ovat pääosassa | kirjoita tämä kaupallisen liiketoiminnan johtoryhmälle ja kirjoita siihen hiukan kaupallisia vaikutuksia mukaan;Lainaukset eivät välttämättä ole täysin yksityiskohtaisia malleja, vaan pikemminkin yleisiä ohjeita sisällön painotuksesta ja kohderyhmästä, mikä voisi jättää tilaa tekoälyn omalle tulkinnalle rakenteen suhteen.
tda_71e60846894545b2bc43a3361b7a5a9c;PASS;1.0;Säännön mukaan on etsittävä tapauksia, joissa käyttäjä aktiivisesti kyseenalaistaa perustavanlaatuista päättelyä tai pakottaa tekoälyn puolustamaan logiikkaansa, poissulkien yleisen retorisen liioittelun.;1) Sääntö edellyttää käyttäjän esittämiä sokraattisia käsitteellisiä kysymyksiä. 2) Käyttäjä kysyy, 'voiko tässä olevia asioita yhdistellä ja tuottaa supermegatrendejä'. 3) Tämä on käsitteellinen kysymys, joka pakottaa tekoälyn pohtimaan ja selittämään megatrendien yhdistelyn logiikkaa ja mahdollisuutta, mikä täyttää säännön ehdot.;Megatrendien Kooste, voiko tässä olevia asioita yhdistellä ja tuottaa supermegatrendejä;Kysymys 'voiko' on avoin ja pyytää mahdollisuutta, ei suoraan haasta tekoälyn logiikkaa tai pakota sitä puolustamaan kantaansa, mikä voisi heikentää sen luokitusta sokraattiseksi kysymykseksi.
tda_8275735bde0244e2bdbf3ab915838d59;PASS;1.0;Säännön mukaan on etsittävä tapauksia, joissa käyttäjä vaatii pinnallisen mittarin optimointia linkittämättä sitä laadulliseen todelliseen lopputulokseen.;1) Sääntö edellyttää pinnallisten mittareiden optimointipyyntöjä ilman linkitystä laadulliseen lopputulokseen. 2) Käyttäjä pyytää '1 sivun raportti' ja 'varmista, että taulukot ovat kohdallaan'. 3) Nämä ovat pyyntöjä pituuden ja muotoilun optimoinnista, jotka eivät suoraan linkity laadulliseen lopputulokseen, täyttäen säännön ehdot.;koosta näistä vastauksista 1 sivun raportti | näytä raportti uudestaan ja varmista, että taulukot ovat kohdallaan;Vaikka pyynnöt koskevat muotoilua ja pituutta, ne voivat epäsuorasti palvella laadullista tavoitetta, kuten luettavuutta tai ammattimaisuutta johtoryhmälle, vaikka sitä ei ole eksplisiittisesti mainittu.
tda_85ef05fdcd2f48afb925fd03b6c54d4d;FAIL;1.0;Säännön mukaan on etsittävä tapauksia, joissa käyttäjä pyytää tekoälyä toimimaan erehtymättömänä oraakkelina ilman ulkoista lähdettä tai dokumenttia sen maadoittamiseksi.;1) Sääntö edellyttää käyttäjän pyyntöjä absoluuttisesta totuudesta ilman ulkoista varmennusta. 2) Käyttäjä kysyy 'Miten sitra tämän näkee raporttien perusteella' ja 'mikä on sitran näkemys suunnasta eteenpäin ei siis toivetila'. 3) Molemmat pyynnöt viittaavat eksplisiittisesti 'raporttien perusteella' ja 'ei siis toivetila', mikä maadoittaa vastauksen annettuihin lähteisiin eikä pyydä absoluuttista totuutta tekoälyltä itseltään. Siksi ehto ei täyty.;;Ei sovellettavissa, koska ehto ei täyttynyt.
tda_9fd2fff3ab4a46d29b5df31488561dd4;PASS;1.0;Säännön mukaan on etsittävä tapauksia, joissa käyttäjä eksplisiittisesti rajoittaa tekoälyn ulkoiseen, objektiiviseen ankkuriin.;1) Sääntö edellyttää käyttäjän vaatimuksia ulkoisesta maadoituksesta. 2) Käyttäjä kysyy 'Miten sitra tämän näkee raporttien perusteella' ja 'mikä on sitran näkemys suunnasta eteenpäin ei siis toivetila'. 3) Nämä lauseet sisältävät eksplisiittisen vaatimuksen maadoittaa vastaus 'raporttien perusteella' ja välttää 'toivetilaa', mikä täyttää säännön ehdot.;Miten sitra tämän näkee raporttien perusteella | mikä on sitran näkemys suunnasta eteenpäin ei siis toivetila;Vaikka käyttäjä viittaa raportteihin, pyyntö ei välttämättä ole riittävän tiukka rajoitus, jos tekoäly voi silti tulkita raportteja vapaasti ilman tarkempia viittauksia tai sivunumeroita.
tda_a08f0bc1e4f14623ab2248528ae42a3d;CONTESTED;0.6666666666666666;Säännön mukaan on etsittävä tapauksia, joissa käyttäjä aktiivisesti kieltäytyy tutkimasta vasta-argumentteja tai vaihtoehtoisia malleja.;1) Sääntö edellyttää yksipolkuisia komentoja, joissa käyttäjä kieltäytyy tutkimasta vasta-argumentteja tai vaihtoehtoisia malleja. 2) Käyttäjä kysyy 'mikä on sitran näkemys suunnasta eteenpäin ei siis toivetila'. 3) Tämä komento rajoittaa tekoälyn vastaamaan vain Sitran näkemykseen ja eksplisiittisesti sulkee pois 'toivetilan', mikä täyttää yksipolkuisen komennon ehdot.;mikä on sitran näkemys suunnasta eteenpäin ei siis toivetila;Vaikka käyttäjä sulkee pois 'toivetilan', se ei välttämättä tarkoita vasta-argumenttien tai vaihtoehtoisten mallien aktiivista kieltäytymistä, vaan pikemminkin pyyntöä faktapohjaisesta vastauksesta.
tda_a9c96a0c55fe4ac884795440c722eb5d;PASS;1.0;Säännön mukaan on etsittävä tapauksia, joissa käyttäjä pyytää VAIN muotoilua tai vähäisiä leksikaalisia muutoksia haastamatta logiikkaa.;1) Sääntö edellyttää käyttäjän pinnallisia korjauskomentoja. 2) Käyttäjä pyytää 'varmista, että taulukot ovat kohdallaan' ja 'poista taulukot ja kerro ne tekstinä'. 3) Nämä ovat puhtaasti muotoiluun ja esitystapaan liittyviä pyyntöjä, jotka eivät haasta taustalla olevaa logiikkaa, täyttäen säännön ehdot.;näytä raportti uudestaan ja varmista, että taulukot ovat kohdallaan | poista taulukot ja kerro ne tekstinä;Vaikka pyynnöt koskevat muotoilua, taulukoiden poistaminen ja tekstiksi muuttaminen voi vaikuttaa tiedon esitystapaan ja siten epäsuorasti myös sen ymmärrettävyyteen tai painotuksiin, mikä voisi olla enemmän kuin pelkkä pinnallinen muutos.
tda_bd85f009b0fb4f7899b40ff0e763dee7;CONTESTED;0.6666666666666666;Säännön mukaan on poimittava lainaus, JOS käyttäjä eksplisiittisesti kyseenalaistaa välitysmittarin luotettavuuden suhteessa todelliseen laadulliseen tavoitteeseen.;1) Sääntö edellyttää käyttäjän eksplisiittistä kysymystä välitysmittarin luotettavuudesta suhteessa laadulliseen tavoitteeseen. 2) Käyttäjän syötteessä ei ole tällaista kysymystä. 3) Koska fyysistä todistetta ei löydy, ehto ei täyty.;;Ei sovellettavissa, koska ehto ei täyttynyt.
tda_c17684acfcbe4a918e5ae0705b452b06;PASS;1.0;The rule requires identifying user commands that focus solely on performativity (tone/style) while ignoring substantive factual gaps. The command should not include requests for factual additions.;1) Sääntö edellyttää käyttäjän komentoja, jotka keskittyvät pelkästään performatiivisuuteen (sävy/tyyli) jättäen huomiotta olennaiset faktuaaliset puutteet. 2) Käyttäjän komento 'näytä raportti uudestaan ja varmista, että taulukot ovat kohdallaan' pyytää raportin uudelleennäyttämistä ja taulukoiden visuaalisen oikeellisuuden varmistamista. 3) Tämä komento keskittyy esitystapaan ja muotoiluun (performativity) eikä pyydä uusia faktatietoja tai korjaa olemassa olevia faktuaalisia puutteita, mikä täyttää ehdot.;näytä raportti uudestaan ja varmista, että taulukot ovat kohdallaan;Väite voitaisiin falsifioida, jos käyttäjän komento 'varmista, että taulukot ovat kohdallaan' tarkoittaisi faktuaalisen tiedon oikeellisuuden tarkistamista taulukoiden sisällä, eikä pelkästään niiden muotoilua tai asettelua. Kuitenkin 'kohdallaan' viittaa yleensä visuaaliseen järjestelyyn.
tda_353aa6c896db47fb9d29b06a69bf77d4;PASS;;Rule requires identifying instances where alternative hypotheses are dismissed without empirical evidence. I need to look for dismissive markers (e.g., 'only way', 'not merely') and verify if empirical evidence is provided to support the dismissal within the immediate context.;1) Rule requires identifying dismissive markers where alternatives are dismissed without empirical evidence. 2) The sentence 'Korjaavaan ja uusintavaan talouteen siirtyminen on ainoa tapa taata pitkän aikavälin vakaus.' contains the dismissive marker 'ainoa tapa' (only way). 3) This statement dismisses all other potential ways to ensure long-term stability without providing immediate empirical evidence within the sentence or its direct context.;Korjaavaan ja uusintavaan talouteen siirtyminen on ainoa tapa taata pitkän aikavälin vakaus.;This evaluation could be falsified if the immediate preceding or succeeding sentences contained explicit empirical data or a direct reference to a study that rigorously proved this to be the 'only way', thereby providing the missing empirical evidence for the dismissal.
tda_b120e2c0a40840358df1e64a4b788b30;FAIL;;Rule requires identifying logical leaps where a probabilistic statement or uncertain assumption is converted into an absolute, definitive conclusion without facts. I need to look for probabilistic markers (e.g., 'might', 'could', 'potential') followed by an absolute conclusion not grounded in facts.;1) Rule requires finding a probabilistic statement converted into an absolute conclusion without facts. 2) I scanned the text for probabilistic markers such as 'might', 'could', 'potential', or 'uncertainty'. 3) While the text mentions 'potentiaaleista' (from potentials) in the context of a shift, it describes an observed shift ('osoittaa fundamentaalisen siirtymän') rather than a logical leap from a probabilistic qualifier to an ungrounded absolute conclusion. No direct conversion from a probabilistic qualifier to an absolute, definitive conclusion without facts was found.;;This evaluation could be falsified if a sentence were found where a clear probabilistic qualifier (e.g., 'might', 'could') directly led to an absolute, definitive conclusion without any intervening factual or logical steps.
